ID,X,Y,area,element,Al2O3,FeO,MgO,Cr2O3,Bal,Al,Si,P,S,Cl,K,Ca,Ti,V,Cr,Mn,Fe,Zn,Rb,Sr,Zr,Ba
SA01,371373.9148,7217621.961,A,undetermined,0.275,3.542,0,0.013,91.111,0.145,3.16,0.738,0.086,0.061,0.948,0.534,0.285,0.007,0.009,0.097,2.753,0.003,0.003,0.002,0.028,0.025
SA010,371377.9449,7217619.865,A,undetermined,0.388,3.474,0,0.02,90.4,0.205,3.854,0.797,0.083,0.062,1.01,0.419,0.326,0.008,0.014,0.053,2.701,0.003,0.003,LOD,0.034,0.023
SA011,371375.9292,7217619.895,A,undetermined,0.212,2.995,0,0.01,91.306,0.112,3.772,0.826,0.087,0.055,0.714,0.366,0.291,0.007,0.007,0.068,2.328,0.003,0.002,LOD,0.031,0.021
SA012,371374.0216,7217619.908,A,undetermined,0.387,3.086,0,0.009,91.011,0.205,3.853,0.799,0.082,0.058,0.796,0.386,0.254,0.008,0.006,0.089,2.399,0.003,0.002,LOD,0.023,0.02
SA013,371383.7392,7217623.87,A,undetermined,0.217,3.11,0,0.01,91.226,0.115,3.533,0.806,0.093,0.058,0.805,0.546,0.255,0.007,0.007,0.077,2.417,0.005,0.002,0.002,0.027,0.018
SA014,371381.6955,7217623.997,A,undetermined,0.346,3.508,0,0.01,90.893,0.183,3.31,0.759,0.091,0.058,0.835,0.69,0.27,0.008,0.007,0.094,2.727,0.004,0.002,0.002,0.035,0.029
SA015,371379.9378,7217624.054,A,undetermined,0.19,3.575,0,0.014,91.09,0.1,3.368,0.775,0.084,0.068,0.871,0.463,0.248,0.01,0.01,0.074,2.779,0.003,0.003,0.002,0.028,0.023
SA016,371377.711,7217623.99,A,undetermined,0.245,3.474,0,0.01,91.012,0.13,3.634,0.684,0.074,0.061,0.876,0.385,0.284,0.008,0.007,0.082,2.7,0.003,0.003,0.002,0.031,0.024
SA017,371375.7341,7217623.977,A,undetermined,0.297,3.297,0,0.01,90.878,0.157,3.7,0.81,0.09,0.06,0.882,0.408,0.289,0.007,0.007,0.094,2.562,0.003,0.003,0.002,0.027,0.021
SA018,371373.8649,7217623.911,A,undetermined,0.238,3.748,0,0.011,90.454,0.126,3.56,0.812,0.095,0.06,0.896,0.644,0.26,0.009,0.008,0.101,2.914,0.003,0.002,0.002,0.027,0.021
SA019,371373.8816,7217625.995,A,undetermined,0.263,3.327,0,0.011,90.827,0.139,3.547,0.805,0.091,0.059,0.921,0.589,0.267,0.01,0.008,0.09,2.586,0.003,0.003,0.002,0.026,0.025
SA02,371375.9615,7217621.898,A,undetermined,0.261,3.094,0,0.009,91.26,0.138,3.663,0.79,0.087,0.064,0.795,0.397,0.256,0.008,0.006,0.072,2.405,0.002,0.002,LOD,0.029,0.021
SA020,371375.7959,7217625.992,A,undetermined,0.25,3.234,0,0.012,91.253,0.132,3.501,0.715,0.08,0.065,0.851,0.442,0.287,0.008,0.008,0.086,2.514,0.002,0.002,LOD,0.026,0.023
SA021,371377.8094,7217625.918,A,undetermined,0.332,2.994,0,0.011,91.156,0.176,3.716,0.8,0.095,0.061,0.795,0.46,0.275,0.008,0.007,0.068,2.327,0.002,0.002,0.002,0.027,0.018
SA022,371379.8175,7217625.933,A,undetermined,0.388,3.257,0,0.011,90.762,0.205,3.696,0.817,0.093,0.059,0.862,0.56,0.262,0.008,0.008,0.082,2.532,0.003,0.002,0.002,0.026,0.019
SA023,371381.7961,7217625.957,A,undetermined,0.469,3.36,0,0.013,90.592,0.248,3.745,0.793,0.095,0.057,0.914,0.515,0.278,0.009,0.009,0.074,2.612,0.003,0.003,0.002,0.027,0.021
SA024,371383.7532,7217625.993,A,undetermined,0.288,3.245,0,0.012,90.986,0.152,3.654,0.725,0.069,0.06,0.86,0.539,0.28,0.006,0.008,0.083,2.523,0.004,0.002,LOD,0.025,0.02
SA025,371383.7483,7217627.904,A,undetermined,0.552,3.102,0,0.009,89.992,0.292,4.506,0.806,0.087,0.063,0.953,0.445,0.274,0.009,0.006,0.097,2.411,0.003,0.002,LOD,0.024,0.023
SA026,371381.9683,7217627.973,A,undetermined,0.295,3.139,0,0.011,91.417,0.156,3.34,0.736,0.08,0.06,0.887,0.486,0.252,0.007,0.007,0.075,2.44,0.003,0.002,0.002,0.027,0.019
SA027,371379.9711,7217627.905,A,undetermined,0.293,3.193,0,0.016,91.207,0.155,3.448,0.738,0.074,0.054,0.964,0.433,0.295,0.009,0.011,0.071,2.482,0.003,0.003,LOD,0.026,0.024
SA028,371377.756,7217628.014,A,undetermined,0.254,3.386,0,0.014,91.226,0.134,3.343,0.742,0.077,0.056,0.955,0.408,0.274,0.008,0.01,0.077,2.632,0.002,0.003,0.002,0.027,0.023
SA029,371375.9642,7217628.045,A,undetermined,0.268,3.148,0.345,0.009,90.975,0.142,3.676,0.74,0.076,0.059,0.858,0.414,0.263,0.007,0.006,0.071,2.447,0.002,0.002,LOD,0.029,0.021
SA03,371377.8841,7217621.887,A,undetermined,0.265,3.322,0,0.013,90.987,0.14,3.609,0.82,0.086,0.059,0.877,0.428,0.265,0.008,0.009,0.072,2.582,0.003,0.002,LOD,0.026,0.023
SA030,371373.9622,7217627.986,A,undetermined,0.289,3.158,0,0.012,91.228,0.153,3.696,0.739,0.079,0.055,0.815,0.371,0.258,0.008,0.008,0.078,2.455,0.002,0.002,LOD,0.027,0.02
SA031,371374.0512,7217629.837,A,undetermined,0.296,3.281,0,0.012,91.047,0.157,3.62,0.742,0.09,0.056,0.841,0.47,0.268,0.008,0.008,0.079,2.55,0.003,0.002,LOD,0.028,0.026
SA032,371375.8352,7217629.966,A,undetermined,0.236,3.319,0,0.013,90.863,0.125,3.754,0.767,0.087,0.059,0.874,0.434,0.3,0.008,0.009,0.069,2.58,0.002,0.002,LOD,0.041,0.021
SA033,371377.8879,7217629.953,A,undetermined,0.249,3.275,0.318,0.012,90.706,0.132,3.657,0.75,0.087,0.056,0.888,0.524,0.291,0.008,0.008,0.091,2.546,0.003,0.002,0.002,0.031,0.024
SA034,371379.7587,7217629.924,A,undetermined,0.269,3.167,0,0.013,91.105,0.142,3.501,0.755,0.082,0.058,0.925,0.549,0.269,0.008,0.009,0.077,2.461,0.002,0.002,LOD,0.026,0.025
SA035,371381.8205,7217630.044,A,undetermined,0.184,3.187,0,0.012,91.131,0.097,3.515,0.789,0.089,0.057,0.92,0.491,0.275,0.01,0.009,0.073,2.477,0.002,0.002,LOD,0.034,0.023
SA036,371383.9792,7217629.993,A,undetermined,0.31,2.928,0,0.012,91.134,0.164,3.805,0.781,0.089,0.059,0.83,0.457,0.272,0.007,0.008,0.063,2.276,0.002,0.002,LOD,0.029,0.016
SA037,371385.8695,7217630.119,A,undetermined,0.367,3.424,0,0.011,90.383,0.194,3.945,0.79,0.089,0.058,0.906,0.53,0.281,0.009,0.008,0.083,2.661,0.003,0.002,0.002,0.029,0.024
SA038,371385.7826,7217628.166,A,undetermined,0.281,2.903,0,0.011,91.232,0.149,3.66,0.825,0.089,0.058,0.818,0.519,0.268,0.006,0.007,0.058,2.256,0.003,0.002,0.002,0.026,0.021
SA039,371385.7032,7217626.199,A,undetermined,0.36,3.601,0,0.016,90.433,0.19,3.32,0.798,0.103,0.057,0.98,0.809,0.309,0.01,0.011,0.118,2.799,0.007,0.003,0.002,0.023,0.024
SA04,371379.8614,7217621.82,A,undetermined,0.259,3.032,0,0.012,90.82,0.137,4.102,0.829,0.096,0.068,0.783,0.393,0.27,0.008,0.008,0.066,2.357,0.003,0.002,LOD,0.031,0.023
SA040,371385.7934,7217624.145,A,undetermined,0.398,3.638,0,0.011,90.172,0.211,3.512,0.823,0.095,0.063,0.894,0.926,0.262,0.01,0.008,0.131,2.828,0.006,0.003,0.002,0.026,0.024
SA041,371385.8081,7217622.135,A,midden_1,0.335,3.207,0,0.011,89.08,0.177,3.18,0.771,0.089,0.057,0.761,2.975,0.245,0.008,0.007,0.094,2.493,0.006,0.002,0.004,0.026,0.022
SA042,371385.9411,7217620.117,A,midden_1,0.351,3.489,0,0.013,86.96,0.186,2.813,0.768,0.091,0.058,0.859,5.103,0.254,0.009,0.009,0.107,2.712,0.005,0.003,0.006,0.028,0.025
SA043,371387.8571,7217620.129,A,midden_1,0.388,3.14,0,0.011,86.932,0.206,2.761,0.766,0.079,0.055,0.781,5.572,0.221,0.007,0.007,0.101,2.441,0.005,0.003,0.007,0.027,0.024
SA044,371387.7251,7217622.058,A,midden_1,0.398,3.532,0.392,0.013,88.116,0.211,3.32,0.79,0.092,0.061,0.786,3.194,0.261,0.007,0.009,0.099,2.746,0.005,0.003,0.005,0.034,0.023
SA045,371387.6723,7217624.055,A,undetermined,0.289,3.248,0,0.012,90.297,0.153,3.617,0.842,0.094,0.059,0.822,1.178,0.239,0.01,0.008,0.089,2.525,0.005,0.003,0.002,0.023,0.03
SA046,371387.7333,7217626.076,A,undetermined,0.314,3.321,0,0.014,90.896,0.166,3.337,0.809,0.095,0.059,0.869,0.738,0.269,0.01,0.01,0.103,2.581,0.005,0.003,0.002,0.023,0.02
SA047,371387.7116,7217628.023,A,undetermined,0.347,3.038,0.357,0.011,90.732,0.184,3.771,0.82,0.09,0.059,0.817,0.551,0.261,0.007,0.008,0.069,2.361,0.004,0.002,LOD,0.025,0.02
SA048,371387.7799,7217630.053,A,undetermined,0.369,3.201,0,0.009,90.961,0.195,3.619,0.772,0.091,0.058,0.816,0.584,0.268,0.008,0.006,0.071,2.488,0.004,0.002,0.002,0.03,0.022
SA049,371389.8226,7217629.951,A,undetermined,0.34,2.972,0,0.01,90.87,0.18,3.995,0.816,0.095,0.233,0.716,0.349,0.295,0.005,0.007,0.066,2.31,0.003,0.002,LOD,0.034,0.022
SA05,371381.8211,7217621.832,A,undetermined,0.302,3.313,0,0.014,90.724,0.16,3.65,0.789,0.09,0.066,0.85,0.69,0.263,0.007,0.009,0.068,2.575,0.005,0.002,0.002,0.028,0.02
SA050,371389.7177,7217627.989,A,undetermined,0.261,2.944,0,0.016,91.164,0.138,3.713,0.802,0.09,0.062,0.797,0.514,0.285,0.007,0.011,0.072,2.288,0.003,0.002,LOD,0.024,0.023
SA051,371389.7553,7217626.073,A,undetermined,0.347,3.63,0,0.015,90.455,0.184,3.349,0.804,0.1,0.07,0.885,0.846,0.283,0.01,0.01,0.125,2.821,0.006,0.003,0.002,0.024,0.019
SA052,371389.7419,7217624.057,A,undetermined,0.344,3.568,0,0.013,90.243,0.182,3.213,0.796,0.101,0.094,1.156,0.998,0.259,0.011,0.009,0.103,2.773,0.006,0.003,0.002,0.023,0.026
SA053,371389.7742,7217622.115,A,midden_1,0.434,3.112,0,0.012,86.958,0.23,3.131,0.751,0.082,0.056,0.736,5.223,0.231,0.007,0.008,0.095,2.419,0.006,0.002,0.007,0.027,0.028
SA054,371389.843,7217620.039,A,midden_1,0.269,3.29,0,0.011,84.357,0.143,2.236,0.719,0.081,0.054,0.657,8.772,0.215,0.009,0.007,0.118,2.557,0.007,0.002,0.01,0.025,0.024
SA055,371391.8142,7217619.988,A,undetermined,0.284,3.38,0,0.012,87.893,0.15,2.814,0.771,0.094,0.061,0.802,4.379,0.228,0.005,0.008,0.102,2.627,0.006,0.002,0.005,0.024,0.025
SA056,371391.7853,7217621.968,A,undetermined,0.397,3.369,0,0.012,89.841,0.21,3.479,0.829,0.102,0.058,0.806,1.628,0.25,0.01,0.008,0.099,2.619,0.005,0.002,0.003,0.027,0.022
SA057,371391.6297,7217624.032,A,undetermined,0.38,3.868,0,0.011,90.421,0.201,3.199,0.807,0.104,0.064,0.837,0.897,0.257,0.011,0.008,0.128,3.007,0.006,0.003,0.002,0.023,0.021
SA058,371391.7233,7217626.02,A,undetermined,0.387,3.663,0,0.011,90.479,0.205,3.632,0.809,0.089,0.058,0.817,0.614,0.272,0.008,0.008,0.105,2.848,0.004,0.003,0.002,0.024,0.022
SA059,371391.7915,7217628.004,A,undetermined,0.293,3.606,0,0.014,90.596,0.155,3.665,0.818,0.088,0.062,0.868,0.474,0.289,0.011,0.01,0.101,2.803,0.004,0.003,0.002,0.024,0.026
SA06,371383.8055,7217621.985,A,midden_1,0.242,3.223,0,0.015,90.327,0.128,3.351,0.828,0.092,0.066,0.793,1.464,0.275,0.008,0.01,0.086,2.505,0.005,0.002,0.002,0.03,0.024
SA060,371391.8225,7217629.948,A,undetermined,0.251,2.725,0,0.004,91.614,0.133,3.795,0.778,0.084,0.06,0.68,0.376,0.246,0.007,LOD,0.06,2.118,0.003,0.002,LOD,0.024,0.016
SA061,371393.9444,7217630.052,A,undetermined,0.222,3.738,0,0.015,90.58,0.117,3.354,0.797,0.093,0.06,0.899,0.707,0.279,0.012,0.01,0.131,2.905,0.006,0.003,0.002,0.02,0.021
SA062,371393.832,7217627.969,A,undetermined,0.303,3.54,0,0.01,90.568,0.16,3.747,0.82,0.093,0.057,0.801,0.551,0.282,0.008,0.007,0.088,2.752,0.004,0.002,0.002,0.028,0.028
SA063,371393.746,7217626.031,A,undetermined,0.28,3.727,0,0.012,90.377,0.148,3.522,0.794,0.09,0.052,0.806,0.835,0.288,0.009,0.008,0.101,2.897,0.006,0.003,0.002,0.034,0.024
SA064,371393.6352,7217624.187,A,undetermined,0.404,3.527,0,0.014,90.32,0.214,3.745,0.787,0.095,0.057,0.808,0.778,0.275,0.009,0.009,0.101,2.742,0.005,0.003,0.002,0.024,0.025
SA065,371393.8626,7217622.01,A,undetermined,0.325,3.666,0,0.014,90.641,0.172,3.3,0.796,0.093,0.061,0.815,0.831,0.257,0.009,0.009,0.101,2.85,0.005,0.003,0.002,0.029,0.024
SA066,371393.8467,7217619.986,A,undetermined,0.316,3.59,0,0.017,90.096,0.167,3.238,0.818,0.107,0.059,0.892,1.345,0.287,0.011,0.011,0.108,2.79,0.005,0.003,0.003,0.026,0.03
SA07,371383.8646,7217619.965,A,midden_1,0.204,3.25,0,0.015,87.263,0.108,2.957,0.723,0.077,0.059,0.798,4.995,0.243,0.01,0.011,0.158,2.526,0.006,0.003,0.006,0.026,0.029
SA08,371381.9405,7217619.838,A,undetermined,0.336,3.444,0,0.015,90.833,0.178,3.272,0.828,0.098,0.062,0.82,0.822,0.262,0.009,0.01,0.072,2.677,0.005,0.002,0.002,0.027,0.021
SA09,371379.9111,7217619.847,A,undetermined,0.244,3.155,0,0.011,90.752,0.129,3.947,0.829,0.077,0.062,0.82,0.503,0.277,0.008,0.007,0.076,2.452,0.003,0.002,LOD,0.027,0.024
SB01,371395.895,7217629.895,A,undetermined,0.299,3.606,0,0.012,90.645,0.158,3.612,0.763,0.089,0.055,0.907,0.511,0.288,0.009,0.008,0.092,2.803,0.003,0.003,0.002,0.028,0.023
SB010,371397.9346,7217626.076,A,undetermined,0.311,3.318,0,0.011,91.021,0.164,3.438,0.785,0.089,0.063,0.768,0.644,0.283,0.008,0.007,0.088,2.579,0.004,0.003,0.002,0.028,0.023
SB011,371397.8044,7217628.161,A,undetermined,0.262,3.2015,0.1455,0.012,91.2005,0.1385,3.497,0.7515,0.087,0.0655,0.792,0.4415,0.287,0.009,0.008,0.0875,2.4885,0.0045,0.003,LOD,0.029,0.0195
SB012,371397.9263,7217630.017,A,undetermined,0.286,2.973,0,0.013,91.213,0.152,3.579,0.816,0.085,0.063,0.737,0.628,0.268,0.008,0.009,0.076,2.311,0.003,0.002,0.002,0.027,0.019
SB013,371399.7418,7217630.194,A,undetermined,0.362,3.089,0,0.01,91.047,0.191,3.664,0.809,0.093,0.108,0.81,0.453,0.263,0.007,0.007,0.083,2.401,0.003,0.002,LOD,0.033,0.021
SB014,371399.9237,7217627.924,A,undetermined,0.249,3.024,0,0.012,91.382,0.132,3.581,0.787,0.086,0.061,0.722,0.465,0.281,0.006,0.008,0.084,2.351,0.003,0.002,LOD,0.027,0.02
SB015,371399.8626,7217625.816,A,undetermined,0.287,3.048,0,0.009,91.399,0.152,3.463,0.794,0.101,0.071,0.74,0.482,0.263,0.006,0.006,0.094,2.369,0.004,0.002,LOD,0.026,0.022
SB016,371399.8624,7217623.918,A,undetermined,0.249,3.328,0,0.013,91.072,0.132,3.562,0.777,0.089,0.058,0.782,0.494,0.283,0.008,0.009,0.088,2.587,0.004,0.002,0.002,0.03,0.02
SB017,371399.6978,7217622.013,A,undetermined,0.347,3.342,0,0.012,90.707,0.183,3.625,0.792,0.099,0.063,0.841,0.644,0.278,0.006,0.008,0.089,2.598,0.004,0.003,0.002,0.033,0.023
SB018,371399.7,7217620.091,A,undetermined,0.318,3.254,0,0.016,90.761,0.168,3.437,0.78,0.098,0.057,0.828,0.878,0.273,0.009,0.011,0.106,2.53,0.006,0.003,0.002,0.028,0.023
SB019,371401.7112,7217619.948,A,undetermined,0.281,3.016,0.677,0.009,90.8,0.149,3.706,0.797,0.087,0.068,0.777,0.458,0.25,0.006,0.006,0.08,2.344,0.003,0.002,LOD,0.033,0.02
SB02,371395.6532,7217628.037,A,undetermined,0.255,3.463,0,0.013,90.911,0.135,3.45,0.786,0.093,0.06,0.852,0.575,0.275,0.008,0.009,0.097,2.692,0.004,0.003,0.002,0.027,0.019
SB020,371401.9251,7217622.016,A,undetermined,0.351,3.211,0.328,0.012,90.749,0.186,3.562,0.763,0.096,0.07,0.787,0.66,0.268,0.008,0.008,0.098,2.496,0.004,0.003,0.002,0.026,0.016
SB021,371402.0069,7217623.857,A,undetermined,0.298,3.297,0,0.01,90.893,0.157,3.526,0.819,0.1,0.063,0.77,0.676,0.262,0.009,0.007,0.087,2.563,0.003,0.002,0.002,0.031,0.025
SB022,371401.964,7217626.157,A,undetermined,0.287,3.347,0,0.013,91.074,0.152,3.416,0.794,0.099,0.057,0.74,0.631,0.261,0.008,0.009,0.095,2.601,0.004,0.002,0.002,0.026,0.026
SB023,371401.8849,7217628.007,A,undetermined,0.243,2.728,0,0.01,91.53,0.129,3.724,0.803,0.087,0.065,0.685,0.475,0.227,0.006,0.007,0.079,2.121,0.003,0.002,LOD,0.031,0.023
SB024,371401.9731,7217629.902,A,undetermined,0.26,2.953,0,0.01,91.29,0.138,3.746,0.828,0.091,0.061,0.712,0.414,0.281,0.006,0.007,0.071,2.295,0.003,0.002,LOD,0.031,0.02
SB025,371403.8776,7217629.863,A,undetermined,0.371,3.163,0,0.01,90.936,0.196,3.868,0.794,0.094,0.058,0.7,0.488,0.267,0.009,0.007,0.067,2.459,0.003,0.002,LOD,0.031,0.018
SB026,371403.9944,7217628.011,A,undetermined,0.278,2.87,0,0.01,91.487,0.147,3.72,0.782,0.086,0.058,0.677,0.436,0.245,0.006,0.007,0.071,2.231,0.003,0.002,LOD,0.025,0.017
SB027,371403.8143,7217626.045,A,undetermined,0.199,3.458,0,0.011,90.932,0.106,3.417,0.801,0.101,0.066,0.781,0.672,0.268,0.008,0.007,0.092,2.688,0.004,0.003,0.002,0.03,0.02
SB028,371403.9639,7217624.155,A,undetermined,0.278,3.149,0,0.011,90.998,0.147,3.561,0.824,0.105,0.066,0.912,0.539,0.254,0.007,0.007,0.077,2.447,0.003,0.002,LOD,0.023,0.022
SB029,371403.999,7217622.031,A,undetermined,0.312,3.221,0.093666667,0.016333333,90.79466667,0.165333333,3.701,0.786333333,0.096333333,0.061,0.773333333,0.629333333,0.259333333,0.008,0.011333333,0.093666667,2.503666667,0.004,0.002,0.002,0.029333333,0.020666667
SB03,371395.7854,7217626.083,A,undetermined,0.355,3.29,0,0.012,90.914,0.188,3.574,0.783,0.087,0.058,0.814,0.563,0.3,0.007,0.008,0.085,2.558,0.004,0.003,0.002,0.031,0.02
SB030,371403.9436,7217620.245,A,undetermined,0.29475,3.3285,0,0.01325,90.72825,0.156,3.74175,0.82475,0.09775,0.0615,0.7865,0.5495,0.27775,0.00825,0.00925,0.11125,2.5875,0.0045,0.003,0.002,0.02675,0.022
SB031,371403.8435,7217618.073,A,undetermined,0.266,3.418,0,0.014,90.845,0.141,3.547,0.794,0.1,0.06,0.828,0.577,0.271,0.011,0.009,0.101,2.657,0.004,0.003,0.002,0.028,0.02
SB032,371403.9495,7217616.141,A,undetermined,0.335,3.739,0,0.014,90.514,0.177,3.365,0.748,0.1,0.056,0.873,0.767,0.284,0.008,0.01,0.121,2.906,0.005,0.003,0.002,0.032,0.022
SB033,371403.9139,7217614.009,A,undetermined,0.249,3.271,0,0.011,90.874,0.132,3.325,0.729,0.109,0.058,0.83,0.966,0.264,0.009,0.008,0.1,2.543,0.005,0.003,0.002,0.02,0.019
SB034,371403.7951,7217612.047,A,undetermined,0.287,3.16,0,0.013,90.754,0.152,3.524,0.714,0.103,0.058,1.014,0.783,0.267,0.008,0.009,0.101,2.456,0.005,0.003,0.002,0.026,0.021
SB035,371403.7541,7217610.119,A,undetermined,0.296,3.289,0.451,0.012,90.557,0.157,3.452,0.766,0.101,0.057,0.826,0.763,0.308,0.008,0.008,0.104,2.557,0.004,0.003,0.002,0.03,0.021
SB036,371401.9483,7217609.999,A,undetermined,0.331,3.678,0,0.018,90.298,0.175,3.361,0.738,0.086,0.068,1.069,0.832,0.294,0.01,0.012,0.129,2.859,0.006,0.003,0.002,0.026,0.024
SB037,371401.7009,7217612.157,A,undetermined,0.275,3.149,0,0.016,91.167,0.146,3.414,0.676,0.095,0.063,0.815,0.704,0.287,0.01,0.011,0.104,2.448,0.005,0.002,0.002,0.029,0.019
SB038,371401.675,7217614.12,A,undetermined,0.276,3.354,0,0.011,90.793,0.146,3.443,0.785,0.093,0.062,0.83,0.782,0.269,0.009,0.007,0.108,2.607,0.005,0.003,0.002,0.031,0.022
SB039,371401.8358,7217616.143,A,undetermined,0.264,3.56,0,0.015,90.684,0.14,3.374,0.78,0.107,0.06,0.821,0.819,0.263,0.007,0.01,0.1,2.767,0.006,0.003,0.002,0.032,0.023
SB04,371395.8646,7217623.995,A,undetermined,0.233,3.199,0,0.009,91.021,0.124,3.654,0.815,0.091,0.059,0.743,0.596,0.265,0.009,0.006,0.072,2.487,0.004,0.003,0.002,0.031,0.017
SB040,371401.8135,7217618.222,A,undetermined,0.27,3.026,0,0.012,91.362,0.143,3.59,0.807,0.094,0.058,0.727,0.477,0.229,0.008,0.008,0.086,2.352,0.003,0.002,LOD,0.03,0.019
SB041,371399.9577,7217618.073,A,undetermined,0.315,3.228,0,0.014,90.526,0.167,3.918,0.803,0.1,0.061,0.779,0.687,0.277,0.008,0.01,0.087,2.509,0.004,0.003,0.002,0.034,0.024
SB042,371399.8959,7217616.078,A,undetermined,0.272,3.299,0,0.016,90.692,0.144,3.739,0.806,0.096,0.057,0.819,0.656,0.249,0.009,0.011,0.091,2.565,0.004,0.003,0.002,0.032,0.024
SB043,371399.7569,7217614.079,A,undetermined,0.255,3.249,0,0.017,90.701,0.135,3.665,0.807,0.104,0.055,0.788,0.773,0.269,0.008,0.011,0.095,2.525,0.006,0.003,0.002,0.03,0.021
SB044,371399.77,7217612.232,A,undetermined,0.311,3.555,0,0.017,90.195,0.165,3.414,0.806,0.123,0.056,0.851,1.158,0.261,0.01,0.012,0.121,2.764,0.008,0.003,0.003,0.028,0.019
SB045,371399.9313,7217609.766,A,undetermined,0.236,3.137,0,0.013,90.272,0.125,3.253,0.802,0.125,0.058,0.795,1.683,0.24,0.006,0.009,0.133,2.438,0.008,0.003,0.003,0.026,0.02
SB046,371397.8504,7217610.017,A,undetermined,0.308,3.251,0,0.013,90.016,0.163,3.361,0.796,0.125,0.061,0.808,1.653,0.256,0.008,0.009,0.153,2.527,0.01,0.003,0.003,0.026,0.021
SB047,371397.9087,7217612.106,A,undetermined,0.222,3.504,0,0.014,90.403,0.118,3.342,0.834,0.109,0.059,0.876,1.044,0.281,0.009,0.009,0.133,2.723,0.008,0.003,0.003,0.024,0.02
SB048,371397.8654,7217614.1,A,undetermined,0.338,3.203,0,0.011,90.586,0.179,3.7,0.826,0.108,0.06,0.833,0.771,0.271,0.009,0.008,0.094,2.49,0.005,0.003,0.002,0.028,0.025
SB049,371397.9943,7217616.061,A,undetermined,0.319,3.254,0,0.015,90.607,0.169,3.546,0.817,0.095,0.057,0.81,0.931,0.263,0.01,0.01,0.091,2.53,0.005,0.003,0.002,0.028,0.024
SB05,371395.9314,7217622.01,A,undetermined,0.258,3.369,0,0.014,90.727,0.137,3.674,0.799,0.1,0.057,0.815,0.632,0.261,0.011,0.009,0.095,2.619,0.005,0.003,0.002,0.034,0.018
SB050,371397.7189,7217617.878,A,undetermined,0.306333333,3.260666667,0,0.013,90.76933333,0.162,3.623,0.8,0.102,0.056666667,0.799333333,0.724666667,0.261666667,0.009,0.009,0.089,2.534333333,0.005333333,0.003,0.002,0.025333333,0.022
SB051,371395.8961,7217618.158,A,undetermined,0.34,3.398,0,0.013,90.547,0.18,3.626,0.766,0.086,0.061,0.857,0.754,0.289,0.011,0.009,0.104,2.641,0.004,0.003,0.002,0.028,0.028
SB052,371395.72,7217616.072,A,undetermined,0.294,3.616,0,0.013,90.319,0.156,3.414,0.812,0.098,0.059,0.849,1.04,0.25,0.008,0.009,0.109,2.811,0.006,0.003,0.002,0.026,0.027
SB053,371395.7235,7217614.069,A,undetermined,0.274,3.307,0,0.012,90.725,0.145,3.325,0.792,0.109,0.057,0.829,1,0.28,0.008,0.009,0.094,2.571,0.006,0.003,0.002,0.026,0.021
SB054,371395.7476,7217612.153,A,undetermined,0.263,3.668,0.346,0.015,89.957,0.139,3.322,0.778,0.102,0.061,0.897,1.23,0.253,0.009,0.011,0.118,2.851,0.008,0.003,0.003,0.026,0.02
SB055,371393.8372,7217612.025,A,undetermined,0.377,3.863,0,0.017,89.984,0.199,3.085,0.776,0.097,0.063,0.935,1.361,0.239,0.011,0.012,0.168,3.003,0.008,0.003,0.003,0.024,0.025
SB056,371393.7648,7217614.067,A,undetermined,0.477,3.548,0,0.013,89.971,0.253,3.525,0.791,0.106,0.058,0.856,1.223,0.259,0.006,0.009,0.121,2.758,0.007,0.003,0.003,0.023,0.025
SB057,371393.8089,7217616.11,A,undetermined,0.286,3.339,0,0.015,90.601,0.151,3.426,0.82,0.103,0.058,0.795,1.013,0.256,0.01,0.01,0.092,2.596,0.006,0.002,0.002,0.027,0.025
SB058,371393.7502,7217618.049,A,undetermined,0.292,3.245,0,0.012,90.659,0.155,3.4,0.831,0.098,0.061,0.819,1.033,0.255,0.01,0.008,0.086,2.522,0.005,0.003,0.002,0.025,0.026
SB059,371391.8903,7217618.062,A,undetermined,0.418,3.373,0,0.014,89.587,0.221,3.231,0.786,0.107,0.058,0.84,2.12,0.243,0.009,0.01,0.106,2.622,0.005,0.003,0.004,0.027,0.02
SB06,371395.7101,7217619.988,A,undetermined,0.307,3.496,0,0.015,90.655,0.162,3.432,0.798,0.09,0.062,0.82,0.809,0.273,0.009,0.01,0.103,2.717,0.006,0.003,0.002,0.027,0.02
SB060,371391.7971,7217616.071,A,undetermined,0.274,3.252,0,0.009,90.799,0.145,3.418,0.785,0.097,0.056,0.744,1.042,0.231,0.007,0.006,0.079,2.528,0.005,0.002,0.002,0.026,0.025
SB061,371391.7816,7217613.924,A,undetermined,0.28,3.67,0,0.015,90.281,0.148,3.518,0.785,0.089,0.06,0.863,0.958,0.264,0.009,0.01,0.094,2.853,0.007,0.003,0.002,0.027,0.026
SB062,371391.8514,7217612.11,A,undetermined,0.409,3.585,0,0.016,90.446,0.216,3.172,0.782,0.099,0.056,0.904,1.019,0.279,0.01,0.011,0.151,2.787,0.007,0.003,0.003,0.023,0.026
SB063,371389.9181,7217612.078,A,undetermined,0.299,3.532,0,0.018,89.989,0.158,3.311,0.815,0.103,0.059,0.865,1.451,0.281,0.009,0.012,0.135,2.746,0.01,0.003,0.003,0.025,0.021
SB064,371389.9505,7217613.861,A,undetermined,0.265,3.29,0,0.015,90.543,0.14,3.274,0.804,0.103,0.06,0.822,1.285,0.235,0.008,0.01,0.102,2.557,0.006,0.003,0.002,0.021,0.024
SB065,371389.9611,7217615.966,A,undetermined,0.363,3.467,0,0.014,90.242,0.192,3.402,0.768,0.109,0.057,0.786,1.296,0.269,0.009,0.01,0.105,2.695,0.005,0.002,0.002,0.026,0.023
SB066,371389.9091,7217618.027,A,undetermined,0.285,3.264,0,0.01,89.361,0.151,3.181,0.772,0.094,0.055,0.75,2.676,0.251,0.007,0.007,0.097,2.537,0.005,0.002,0.004,0.025,0.022
SB067,371387.8503,7217618.059,A,midden_1,0.306,3.469,0,0.017,86.89,0.162,2.739,0.734,0.087,0.051,0.801,5.403,0.235,0.009,0.012,0.108,2.697,0.004,0.003,0.007,0.029,0.023
SB068,371387.8292,7217616.07,A,undetermined,0.267,3.453,0,0.015,89.835,0.141,3.304,0.759,0.089,0.064,0.814,1.912,0.249,0.008,0.01,0.073,2.684,0.005,0.002,0.003,0.026,0.021
SB069,371387.7592,7217614.073,A,undetermined,0.279,3.426,0,0.014,90.814,0.148,3.01,0.767,0.098,0.058,0.815,1.208,0.25,0.007,0.009,0.095,2.663,0.005,0.003,0.003,0.025,0.021
SB07,371397.7169,7217619.948,A,undetermined,0.255,3.577,0,0.014,90.689,0.135,3.508,0.815,0.097,0.056,0.793,0.695,0.273,0.009,0.01,0.077,2.78,LOD,0.003,0.002,0.031,0.022
SB070,371387.7676,7217612.12,A,undetermined,0.209,3.186,0,0.017,90.782,0.111,3.339,0.802,0.1,0.056,0.79,1.136,0.24,0.007,0.011,0.095,2.477,0.005,0.002,0.002,0.02,0.021
SB071,371387.8965,7217610.201,A,undetermined,0.491,3.696,0,0.013,89.59,0.26,3.598,0.818,0.108,0.062,0.89,1.267,0.269,0.008,0.009,0.179,2.873,0.009,0.003,0.003,0.024,0.026
SB072,371385.7641,7217610.069,A,undetermined,0.242,3.37,0.491,0.016,90.356,0.128,3.344,0.807,0.103,0.059,0.835,1.001,0.251,0.01,0.011,0.119,2.619,0.007,0.003,0.002,0.024,0.022
SB073,371385.8083,7217612.137,A,undetermined,0.268,3.203,0,0.012,90.853,0.142,3.359,0.836,0.096,0.059,0.806,0.92,0.284,0.007,0.009,0.083,2.49,0.006,0.002,0.002,0.025,0.019
SB074,371385.5922,7217614.167,A,undetermined,0.369,3.798,0.488,0.015,89.856,0.195,3.187,0.812,0.101,0.06,0.931,1.144,0.28,0.009,0.01,0.103,2.952,0.006,0.003,0.003,0.024,0.023
SB075,371385.8361,7217616.142,A,midden_1,0.284,3.816,0,0.013,88.658,0.15,3.207,0.809,0.104,0.06,0.825,2.768,0.258,0.009,0.009,0.099,2.966,0.006,0.003,0.004,0.033,0.027
SB076,371385.8326,7217618.136,A,midden_1,0.261,3.496,0,0.014,88.683,0.138,3.336,0.821,0.084,0.057,0.95,2.771,0.258,0.009,0.009,0.092,2.718,0.005,0.003,0.005,0.029,0.029
SB077,371383.8404,7217610.081,A,undetermined,0.305,3.329,0,0.012,90.657,0.162,3.493,0.812,0.096,0.055,0.798,0.951,0.219,0.009,0.008,0.084,2.588,0.007,0.003,0.002,0.028,0.026
SB078,371383.7955,7217611.983,A,undetermined,0.287,3.262,0,0.013,90.512,0.152,3.673,0.842,0.101,0.06,0.856,0.869,0.245,0.008,0.009,0.074,2.536,0.005,0.002,0.002,0.027,0.025
SB079,371383.8626,7217613.801,A,undetermined,0.277,3.339,0,0.014,90.324,0.147,3.525,0.856,0.107,0.063,0.914,1.043,0.263,0.01,0.01,0.081,2.595,0.005,0.003,0.002,0.031,0.021
SB08,371397.7072,7217622.201,A,undetermined,0.262,3.32,0,0.016,90.907,0.139,3.67,0.807,0.092,0.054,0.785,0.534,0.265,0.009,0.011,0.083,2.58,0.003,0.003,0.002,0.033,0.022
SB080,371383.9289,7217615.997,A,undetermined,0.359,3.441,0,0.016,88.614,0.19,3.385,0.821,0.095,0.06,0.885,2.854,0.236,0.008,0.011,0.092,2.675,0.006,0.003,0.004,0.033,0.024
SB081,371383.7772,7217617.975,A,midden_1,0.38,3.445,0.468,0.011,89.492,0.201,3.69,0.815,0.089,0.06,0.809,1.416,0.293,0.008,0.008,0.073,2.678,0.004,0.002,0.002,0.044,0.028
SB09,371397.8166,7217623.884,A,undetermined,0.255,3.2,0,0.009,91.155,0.135,3.525,0.815,0.103,0.065,0.756,0.506,0.294,0.01,0.006,0.078,2.487,0.004,0.003,LOD,0.032,0.022
SC01,371403.7972,7217608.07,A,undetermined,0.351,3.345,0,0.014,90.411,0.186,3.523,0.758,0.098,0.058,0.842,1.041,0.279,0.009,0.01,0.119,2.6,0.006,0.003,0.003,0.03,0.023
SC010,371401.8779,7217607.955,A,undetermined,0.339,3.461,0,0.017,90.203,0.18,3.248,0.755,0.101,0.06,0.875,1.463,0.245,0.01,0.012,0.094,2.69,0.006,0.003,0.003,0.027,0.024
SC011,371399.6727,7217604.007,A,enclosure_1,0.284,2.949,0,0.01,90.803,0.15,3.773,0.756,0.093,0.058,0.72,0.862,0.237,0.007,0.007,0.173,2.292,0.009,0.003,0.002,0.03,0.023
SC012,371397.8524,7217600.084,A,enclosure_1,0.305,3.071,0,0.014,90.568,0.161,3.693,0.765,0.094,0.059,0.664,1.109,0.219,0.008,0.01,0.198,2.387,0.013,0.003,0.003,0.022,0.02
SC013,371396.1005,7217600.106,A,enclosure_1,0.287,3.083,0,0.016,90.556,0.152,3.676,0.782,0.091,0.062,0.702,1.077,0.215,0.008,0.011,0.207,2.396,0.013,0.003,0.002,0.023,0.019
SC014,371393.9585,7217600.107,A,enclosure_1,0.27,3.106,0,0.012,90.275,0.143,3.783,0.797,0.084,0.059,0.76,1.214,0.237,0.008,0.009,0.154,2.415,0.01,0.003,0.003,0.023,0.02
SC015,371392.082,7217600.07,A,enclosure_1,0.294,2.923,0,0.014,90.48,0.155,3.981,0.769,0.1,0.064,0.788,0.9,0.267,0.007,0.009,0.136,2.272,0.009,0.003,0.002,0.031,0.021
SC016,371389.8868,7217602.373,A,enclosure_1,0.343,2.702,0,0.012,90.045,0.181,3.534,0.761,0.101,0.061,0.728,1.983,0.26,0.008,0.008,0.159,2.101,0.01,0.003,0.004,0.028,0.023
SC017,371392.0162,7217601.958,A,enclosure_1,0.333,2.717,0,0.012,89.881,0.176,4.02,0.845,0.096,0.07,0.713,1.603,0.224,0.006,0.008,0.172,2.112,0.013,0.003,0.003,0.023,0.027
SC018,371393.7179,7217602,A,enclosure_1,0.275,2.628,0,0.012,90.277,0.146,3.845,0.9,0.114,0.061,0.611,1.533,0.213,0.006,0.008,0.166,2.043,0.012,0.003,0.003,0.034,0.019
SC019,371395.9982,7217602.049,A,enclosure_1,0.316,3.029,0,0.015,89.857,0.167,4.052,0.888,0.105,0.06,0.614,1.391,0.221,0.007,0.01,0.205,2.354,0.014,0.003,0.003,0.023,0.022
SC02,371403.856,7217605.985,A,undetermined,0.285666667,3.098666667,0,0.012333333,90.91866667,0.151,3.42,0.767,0.106,0.072333333,0.785333333,0.934333333,0.25,0.006666667,0.008333333,0.103333333,2.408333333,0.005333333,0.003,0.002,0.031333333,0.023666667
SC020,371397.7706,7217602.053,A,enclosure_1,0.279,3.038,0,0.015,90.264,0.147,3.718,0.841,0.105,0.061,0.657,1.322,0.215,0.009,0.01,0.219,2.362,0.016,0.003,0.003,0.024,0.018
SC021,371397.8324,7217604.075,A,enclosure_1,0.272,2.723,0,0.011,90.361,0.144,3.888,0.917,0.113,0.063,0.614,1.311,0.233,0.006,0.008,0.162,2.117,0.011,0.003,0.002,0.024,0.02
SC022,371395.7587,7217604.046,A,enclosure_1,0.335,3.265,0,0.01,89.155,0.177,4.17,0.973,0.1,0.063,0.65,1.621,0.267,0.008,0.007,0.195,2.538,0.012,0.003,0.003,0.026,0.027
SC023,371393.786,7217604.065,A,enclosure_1,0.281,2.475,0,0.012,89.815,0.149,3.838,0.938,0.104,0.057,0.576,2.114,0.204,0.007,0.008,0.187,1.924,0.013,0.003,0.004,0.029,0.027
SC024,371391.9207,7217603.833,A,enclosure_1,0.283,2.713,0,0.014,90.046,0.15,3.765,0.868,0.107,0.062,0.647,1.696,0.233,0.008,0.009,0.23,2.108,0.014,0.003,0.003,0.022,0.025
SC025,371389.8369,7217604.209,A,enclosure_1,0.333,2.824,0,0.02,90.119,0.176,3.598,0.843,0.114,0.057,0.784,1.62,0.221,0.008,0.014,0.184,2.195,0.014,0.003,0.003,0.021,0.019
SC026,371389.8314,7217606.087,A,enclosure_1,0.242,2.75,0,0.011,90.637,0.128,3.54,0.824,0.104,0.057,0.819,1.316,0.263,0.007,0.007,0.098,2.138,0.007,0.003,0.003,0.029,0.019
SC027,371391.8067,7217605.953,A,enclosure_1,0.336,2.801,0,0.01,90.29,0.178,3.698,0.842,0.107,0.057,0.692,1.457,0.243,0.007,0.007,0.179,2.177,0.011,0.003,0.003,0.025,0.022
SC028,371393.6132,7217606.049,A,enclosure_1,0.251,2.674,0,0.014,90.393,0.133,3.738,0.846,0.101,0.057,0.655,1.491,0.235,0.008,0.009,0.178,2.079,0.013,0.003,0.003,0.028,0.027
SC029,371395.8869,7217605.967,A,enclosure_1,0.274,2.733,0,0.011,90.721,0.145,3.717,0.828,0.102,0.062,0.683,1.145,0.23,0.01,0.007,0.164,2.125,0.011,0.003,0.002,0.025,0.019
SC03,371403.8874,7217604.027,A,undetermined,0.561,3.108,0,0.013,89.766,0.297,4.615,0.767,0.094,0.06,0.788,0.747,0.261,0.007,0.009,0.11,2.416,0.006,0.003,0.002,0.025,0.022
SC030,371397.6997,7217606.049,A,enclosure_1,0.327,3.129,0,0.012,90.574,0.173,3.69,0.812,0.101,0.059,0.752,0.921,0.245,0.006,0.008,0.16,2.432,0.01,0.003,0.002,0.027,0.021
SC031,371393.6023,7217607.973,A,enclosure_1,0.229,2.956,0,0.014,90.812,0.121,3.601,0.791,0.097,0.056,0.759,0.97,0.248,0.007,0.009,0.163,2.298,0.008,0.003,0.002,0.028,0.024
SC032,371391.7052,7217607.899,A,enclosure_1,0.254,2.716333333,0,0.010666667,90.69166667,0.134666667,3.849,0.829333333,0.107333333,0.062333333,0.733333333,1.017,0.250666667,0.006,0.007333333,0.132333333,2.111333333,0.010333333,0.003,0.002,0.028,0.021666667
SC033,371389.948,7217608.194,A,enclosure_1,0.199,2.681,0,0.013,91.174,0.105,3.023,0.741,0.114,0.057,0.73,1.502,0.264,0.006,0.009,0.13,2.084,0.006,0.002,0.002,0.026,0.02
SC034,371391.6485,7217609.72,A,enclosure_1,0.265,2.989,0,0.013,90.8,0.14,3.441,0.806,0.104,0.061,0.828,1.01,0.278,0.007,0.009,0.126,2.323,0.005,0.003,0.002,0.027,0.025
SC035,371385.8591,7217607.989,A,undetermined,0.367,3.168,0,0.015,90.321,0.194,3.332,0.825,0.098,0.06,0.757,1.522,0.23,0.009,0.01,0.118,2.463,0.008,0.003,0.003,0.022,0.021
SC036,371385.7574,7217605.971,A,undetermined,0.286,2.879,0,0.01,89.568,0.151,3.409,0.813,0.096,0.062,0.74,2.513,0.245,0.008,0.007,0.081,2.238,0.005,0.002,0.004,0.027,0.027
SC037,371385.8133,7217603.903,A,undetermined,0.204,2.834,0,0.007,90.949,0.108,3.514,0.832,0.106,0.058,0.749,1.097,0.235,0.007,0.005,0.078,2.203,0.006,0.002,0.002,0.031,0.017
SC038,371385.8119,7217601.947,A,undetermined,0.331,2.995,0,0.011,90.653,0.175,3.596,0.829,0.11,0.059,0.745,1.058,0.272,0.009,0.007,0.086,2.328,0.006,0.002,0.002,0.038,0.022
SC039,371386.0219,7217600.15,A,undetermined,0.301,2.794,0,0.012,91.141,0.159,3.552,0.809,0.096,0.058,0.781,0.834,0.254,0.007,0.009,0.077,2.171,0.005,0.002,0.002,0.021,0.02
SC04,371403.9534,7217601.991,A,undetermined,0.384,2.812,0,0.007,90.746,0.203,4.243,0.79,0.094,0.06,0.706,0.51,0.298,0.007,0.005,0.082,2.186,0.004,0.002,LOD,0.038,0.021
SC040,371383.7796,7217600.072,A,undetermined,0.272,2.95,0,0.008,91.106,0.144,3.522,0.802,0.091,0.06,0.863,0.704,0.275,0.007,0.006,0.063,2.293,0.003,0.003,0.002,0.034,0.02
SC041,371383.7842,7217601.913,A,midden_2,0.205,2.679,0,0.013,91.131,0.108,3.624,0.768,0.096,0.059,0.744,0.949,0.283,0.006,0.009,0.074,2.083,0.004,0.002,0.002,0.036,0.021
SC042,371383.8131,7217603.894,A,midden_2,0.313,3.153,0,0.013,90.565,0.166,3.775,0.794,0.096,0.062,0.764,0.931,0.252,0.007,0.009,0.067,2.451,0.005,0.002,0.002,0.033,0.018
SC043,371383.8525,7217606.036,A,midden_2,0.268,2.977,0,0.013,88.49,0.142,3.249,0.766,0.086,0.059,0.721,3.794,0.22,0.008,0.009,0.074,2.314,0.006,0.002,0.006,0.026,0.026
SC044,371383.8589,7217608.003,A,undetermined,0.324,3.416,0,0.012,90.032,0.171,3.365,0.822,0.098,0.079,0.772,1.623,0.223,0.006,0.009,0.081,2.655,0.006,0.002,0.004,0.026,0.023
SC05,371403.9432,7217600.137,A,undetermined,0.394,2.858,0,0.008,90.943,0.209,4.224,0.796,0.092,0.058,0.638,0.415,0.241,0.008,0.006,0.073,2.222,0.004,0.002,LOD,0.042,0.023
SC06,371401.6708,7217600.052,A,undetermined,0.245,2.854,0.361,0.012,90.862,0.13,3.865,0.805,0.092,0.061,0.675,0.618,0.277,0.007,0.008,0.103,2.219,0.006,0.002,LOD,0.029,0.02
SC07,371401.6755,7217602.052,A,undetermined,0.306,2.585,0,0.009,91.333,0.162,3.84,0.799,0.092,0.062,0.65,0.644,0.232,0.006,0.006,0.106,2.009,0.005,0.002,LOD,0.031,0.017
SC08,371401.7411,7217604.022,A,undetermined,0.274,2.844,0,0.013,91.034,0.145,3.872,0.823,0.098,0.062,0.692,0.595,0.27,0.007,0.009,0.115,2.211,0.005,0.002,0.002,0.036,0.021
SC09,371401.9522,7217606.025,A,undetermined,0.233,2.894,0,0.009,91.053,0.123,3.529,0.796,0.103,0.058,0.752,0.89,0.268,0.007,0.006,0.102,2.25,0.006,0.002,0.002,0.03,0.019
SD01,371381.8247,7217609.972,A,undetermined,0.308,3.589,0,0.014,90.344,0.163,3.463,0.831,0.099,0.06,0.926,0.849,0.272,0.009,0.009,0.12,2.79,0.006,0.003,0.002,0.024,0.027
SD010,371379.8212,7217606.031,A,undetermined,0.317666667,3.428666667,0,0.012333333,90.42866667,0.168666667,3.608,0.840333333,0.094333333,0.057666667,0.886,0.782,0.277,0.01,0.008666667,0.107333333,2.665333333,0.005666667,0.003,0.002,0.026666667,0.024
SD011,371379.7582,7217608.105,A,undetermined,0.256,3.786,0,0.016,90.155,0.135,3.491,0.816,0.1,0.059,0.959,0.79,0.319,0.01,0.011,0.135,2.943,0.008,0.003,0.002,0.025,0.033
SD012,371379.8565,7217610.023,A,undetermined,0.285,3.452,0,0.014,90.75,0.151,3.497,0.807,0.089,0.058,0.935,0.56,0.289,0.011,0.01,0.095,2.683,0.004,0.003,0.002,0.027,0.024
SD013,371377.9077,7217609.805,A,undetermined,0.328,3.305,0,0.012,90.691,0.173,3.707,0.81,0.09,0.058,0.964,0.505,0.272,0.009,0.008,0.086,2.569,0.003,0.003,0.002,0.026,0.022
SD014,371377.74,7217607.971,A,undetermined,0.274,3.538,0,0.016,90.436,0.145,3.567,0.811,0.095,0.061,1.001,0.63,0.313,0.011,0.011,0.104,2.75,0.005,0.003,0.002,0.022,0.027
SD015,371377.7219,7217606.062,A,undetermined,0.464,3.573,0,0.015,90.171,0.246,3.686,0.84,0.093,0.06,0.976,0.69,0.27,0.011,0.01,0.106,2.778,0.005,0.003,0.002,0.026,0.023
SD016,371377.6492,7217604.138,A,undetermined,0.301,3.29,0,0.014,90.511,0.159,3.743,0.838,0.094,0.058,0.923,0.652,0.28,0.01,0.009,0.098,2.557,0.004,0.003,0.002,0.034,0.022
SD017,371377.8412,7217602.143,A,undetermined,0.265,3.161,0,0.012,91.017,0.14,3.402,0.791,0.097,0.059,0.836,0.767,0.273,0.006,0.008,0.093,2.457,0.004,0.003,0.002,0.03,0.016
SD018,371377.7851,7217600.086,A,undetermined,0.419,2.781,0,0.009,90.902,0.222,3.985,0.826,0.089,0.058,0.799,0.55,0.258,0.007,0.006,0.068,2.161,0.004,0.002,LOD,0.033,0.026
SD019,371375.8612,7217600.058,A,undetermined,0.394,2.89,0,0.012,90.784,0.209,3.846,0.841,0.1,0.061,0.821,0.686,0.263,0.006,0.008,0.071,2.246,0.004,0.002,0.002,0.027,0.019
SD02,371381.7555,7217608.122,A,undetermined,0.383,3.538,0,0.015,90.274,0.203,3.376,0.812,0.094,0.069,0.926,1.025,0.265,0.012,0.011,0.107,2.75,0.006,0.003,0.003,0.027,0.03
SD020,371375.7869,7217602.168,A,undetermined,0.279,3.534,0,0.015,90.312,0.148,3.58,0.819,0.106,0.06,0.966,0.813,0.281,0.007,0.011,0.086,2.747,0.004,0.003,0.002,0.028,0.022
SD021,371375.8996,7217604.136,A,undetermined,0.301,3.93,0,0.014,90.22,0.159,3.202,0.847,0.097,0.056,1.004,0.898,0.283,0.01,0.009,0.089,3.055,0.005,0.003,0.003,0.026,0.026
SD022,371376.1217,7217605.98,A,undetermined,0.381,3.516,0,0.016,90.56,0.201,3.524,0.792,0.092,0.06,0.959,0.601,0.298,0.01,0.011,0.097,2.733,0.005,0.003,0.002,0.026,0.024
SD023,371375.8672,7217607.986,A,undetermined,0.281,3.091,0,0.013,91.013,0.149,3.592,0.755,0.088,0.057,0.962,0.514,0.309,0.01,0.009,0.078,2.403,0.004,0.003,0.002,0.029,0.022
SD024,371375.8855,7217609.967,A,undetermined,0.373,3.918,0,0.013,90.116,0.197,3.622,0.764,0.087,0.055,1.037,0.638,0.273,0.009,0.009,0.079,3.046,0.002,0.003,0.002,0.026,0.03
SD025,371373.9044,7217609.964,A,undetermined,0.255,2.947,0,0.011,91.349,0.135,3.666,0.733,0.08,0.057,0.76,0.54,0.25,0.006,0.008,0.065,2.291,0.002,0.002,LOD,0.032,0.022
SD026,371373.9437,7217608.126,A,undetermined,0.3,3.086,0,0.009,91.318,0.159,3.492,0.707,0.08,0.061,0.875,0.492,0.272,0.007,0.006,0.079,2.398,0.003,0.002,LOD,0.025,0.021
SD027,371373.9114,7217606.12,A,undetermined,0.256,3.285,0,0.015,90.739,0.135,3.599,0.769,0.094,0.057,0.91,0.684,0.292,0.009,0.01,0.09,2.554,0.003,0.003,0.002,0.026,0.022
SD028,371373.8826,7217604.091,A,undetermined,0.318,3.445,0,0.013,90.536,0.168,3.638,0.737,0.092,0.067,1.004,0.613,0.294,0.011,0.009,0.084,2.678,0.005,0.003,0.002,0.032,0.023
SD029,371373.8245,7217602.1,A,undetermined,0.374,3.622,0,0.012,90.134,0.198,3.28,0.756,0.094,0.059,1.049,1.141,0.285,0.01,0.008,0.093,2.816,0.005,0.003,0.003,0.033,0.027
SD03,371381.6807,7217605.995,A,midden_2,0.339,3.271,0,0.012,90.221,0.18,3.555,0.826,0.107,0.058,0.865,1.165,0.275,0.01,0.008,0.118,2.542,0.007,0.003,0.003,0.031,0.021
SD030,371373.7938,7217600.166,A,undetermined,0.256,3.026,0,0.012,90.709,0.136,3.987,0.778,0.087,0.059,0.879,0.552,0.291,0.009,0.008,0.078,2.352,0.003,0.003,0.002,0.037,0.026
SD04,371381.738,7217603.843,A,midden_2,0.245,3.296,0,0.013,90.493,0.13,3.424,0.824,0.097,0.058,0.833,1.146,0.247,0.009,0.009,0.107,2.562,0.006,0.003,0.003,0.022,0.024
SD05,371381.7148,7217602.153,A,undetermined,0.261,3.103,0.46,0.011,90.556,0.138,3.679,0.855,0.101,0.059,0.838,0.668,0.254,0.009,0.007,0.084,2.412,0.006,0.003,0.002,0.026,0.024
SD06,371381.8093,7217600.078,A,undetermined,0.333,3.343,0,0.015,90.597,0.176,3.52,0.779,0.09,0.06,0.929,0.775,0.284,0.011,0.01,0.111,2.598,0.006,0.003,0.002,0.023,0.024
SD07,371379.6741,7217600.211,A,undetermined,0.356,3.883,0,0.016,90.419,0.189,3.36,0.813,0.094,0.061,0.913,0.659,0.281,0.01,0.011,0.109,3.019,0.005,0.003,0.002,0.025,0.025
SD08,371379.9547,7217602.213,A,undetermined,0.249,3.426,0,0.014,90.474,0.132,3.734,0.812,0.098,0.058,0.867,0.697,0.282,0.009,0.01,0.098,2.663,0.005,0.003,0.002,0.029,0.026
SD09,371379.7766,7217604.091,A,undetermined,0.298,3.303,0,0.015,90.317,0.157,3.827,0.848,0.092,0.06,0.919,0.737,0.271,0.006,0.01,0.119,2.568,0.006,0.003,0.002,0.026,0.027
SE01,371373.8902,7217618.04,A,undetermined,0.334,3.227,0.353,0.011,90.612,0.177,3.775,0.762,0.088,0.058,0.889,0.486,0.267,0.009,0.008,0.089,2.508,0.003,0.002,LOD,0.027,0.024
SE010,371377.8968,7217615.945,A,undetermined,0.235,3.392,0,0.013,90.827,0.124,3.67,0.775,0.09,0.06,0.905,0.446,0.283,0.01,0.009,0.098,2.637,0.004,0.003,0.002,0.029,0.024
SE011,371377.7665,7217614.066,A,undetermined,0.281,3.676,0,0.016,90.644,0.149,3.413,0.805,0.094,0.061,0.96,0.531,0.288,0.009,0.011,0.106,2.858,0.004,0.003,0.002,0.027,0.029
SE012,371377.7828,7217612.14,A,undetermined,0.375,3.262,0,0.015,90.866,0.199,3.532,0.81,0.091,0.059,0.887,0.572,0.288,0.007,0.01,0.091,2.536,0.003,0.003,0.002,0.024,0.019
SE013,371379.7639,7217612.077,A,undetermined,0.295,3.36,0,0.012,90.771,0.156,3.576,0.82,0.087,0.058,0.918,0.543,0.286,0.009,0.008,0.089,2.612,0.004,0.003,0.002,0.027,0.025
SE014,371379.8842,7217614.082,A,undetermined,0.305,3.376,0,0.013,90.989,0.162,3.459,0.788,0.087,0.061,0.87,0.531,0.272,0.01,0.009,0.088,2.625,0.005,0.002,0.002,0.022,0.018
SE015,371379.8818,7217615.94,A,undetermined,0.327,3.391,0,0.014,90.847,0.173,3.551,0.804,0.078,0.056,0.875,0.527,0.284,0.009,0.009,0.091,2.636,0.003,0.002,0.002,0.029,0.022
SE016,371379.8597,7217617.992,A,undetermined,0.34,3.485,0,0.012,90.884,0.18,3.416,0.76,0.081,0.06,0.929,0.548,0.286,0.009,0.008,0.073,2.709,0.004,0.003,0.002,0.024,0.023
SE017,371381.8446,7217618.011,A,undetermined,0.354,3.459,0,0.013,90.349,0.187,3.298,0.785,0.095,0.061,0.839,1.265,0.247,0.01,0.009,0.098,2.688,0.006,0.003,0.003,0.026,0.029
SE018,371381.8633,7217615.968,A,undetermined,0.35,3.568,0,0.012,90.456,0.185,3.073,0.755,0.086,0.063,1.004,1.154,0.268,0.009,0.008,0.1,2.773,0.006,0.003,0.003,0.024,0.026
SE019,371381.7865,7217614.034,A,undetermined,0.313,3.876,0,0.021,90.065,0.166,3.271,0.774,0.101,0.059,0.961,1.11,0.279,0.01,0.014,0.111,3.013,0.006,0.003,0.002,0.027,0.023
SE02,371373.8657,7217616.032,A,undetermined,0.39,3.072,0,0.012,90.645,0.206,4.037,0.761,0.089,0.057,0.903,0.472,0.281,0.008,0.008,0.088,2.388,0.003,0.002,0.002,0.025,0.023
SE020,371381.7041,7217612.094,A,undetermined,0.377,3.571,0,0.015,90.353,0.199,3.547,0.751,0.088,0.06,1.027,0.719,0.29,0.01,0.011,0.097,2.776,0.004,0.003,0.002,0.032,0.027
SE03,371373.8551,7217614.249,A,undetermined,0.329,3.363,0,0.01,89.288,0.174,3.178,0.737,0.083,0.057,0.884,2.565,0.256,0.009,0.007,0.079,2.614,0.005,0.003,0.004,0.028,0.026
SE04,371373.8877,7217612.01,A,undetermined,0.283,3.573,0,0.015,87.464,0.15,2.682,0.717,0.075,0.055,0.869,4.772,0.247,0.011,0.01,0.095,2.778,0.005,0.003,0.006,0.034,0.024
SE05,371375.8317,7217612.124,A,undetermined,0.313,4.058,0,0.016,90.176,0.166,3.097,0.724,0.09,0.059,1.111,0.938,0.274,0.01,0.011,0.115,3.154,0.004,0.003,0.003,0.03,0.029
SE06,371375.9185,7217614.009,A,undetermined,0.429,3.34,0.273,0.014,90.41,0.227,3.677,0.79,0.099,0.091,0.929,0.549,0.286,0.009,0.009,0.092,2.596,0.003,0.003,0.002,0.031,0.027
SE07,371375.951,7217615.971,A,undetermined,0.301,3.524,0,0.013,90.541,0.159,3.636,0.782,0.091,0.079,0.995,0.497,0.3,0.007,0.009,0.1,2.739,0.004,0.003,0.002,0.026,0.026
SE08,371375.8581,7217618.05,A,undetermined,0.228,3.274,0.367,0.015,90.925,0.121,3.359,0.752,0.089,0.088,0.926,0.521,0.274,0.01,0.01,0.098,2.545,0.003,0.003,0.002,0.025,0.024
SE09,371377.9106,7217618.071,A,undetermined,0.304,2.915333333,0.093666667,0.010333333,91.168,0.160666667,3.909,0.710333333,0.076666667,0.061666667,0.789666667,0.400666667,0.256,0.008,0.007333333,0.074333333,2.266,0.002666667,0.002,LOD,0.024333333,0.023333333
SF01,371493.8991,7217710.051,B,undetermined,0.283,2.723,0,0.011,91.395,0.15,3.547,0.722,0.093,0.059,0.677,0.865,0.245,0.007,0.008,0.058,2.116,0.003,0.002,LOD,0.025,0.023
SF010,371491.9358,7217706.213,B,midden_3,0.292,2.902,0,0.01,89.183,0.154,3.425,0.767,0.098,0.058,0.614,3.021,0.248,0.006,0.007,0.095,2.256,0.005,0.002,0.004,0.032,0.021
SF011,371491.8472,7217708.093,B,undetermined,0.34,3.024,0.293,0.011,90.871,0.18,3.562,0.823,0.098,0.087,0.651,0.809,0.243,0.008,0.008,0.074,2.351,0.004,0.002,LOD,0.029,0.023
SF012,371491.8475,7217710.087,B,undetermined,0.331,3.143,0,0.012,91.239,0.175,3.562,0.779,0.102,0.069,0.647,0.589,0.238,0.009,0.008,0.077,2.443,0.004,0.002,LOD,0.032,0.022
SF013,371489.8857,7217710.098,B,undetermined,0.279,2.953,0,0.015,91.313,0.148,3.759,0.724,0.084,0.058,0.693,0.533,0.252,0.007,0.01,0.068,2.295,0.003,0.002,LOD,0.03,0.017
SF014,371489.8446,7217708.032,B,undetermined,0.271,2.937,0,0.011,91.297,0.143,3.665,0.726,0.081,0.061,0.653,0.699,0.248,0.007,0.008,0.069,2.283,0.003,0.002,LOD,0.032,0.019
SF015,371489.8803,7217706.121,B,midden_3,0.242,2.856,0,0.011,91.024,0.128,3.846,0.751,0.088,0.062,0.618,0.874,0.247,0.005,0.008,0.074,2.22,0.003,0.002,0.002,0.026,0.022
SF016,371489.699,7217704.131,B,midden_3,0.251,3.175,0,0.011,89.048,0.133,3.01,0.793,0.101,0.061,0.618,3.365,0.239,0.008,0.008,0.079,2.468,0.005,0.002,0.005,0.03,0.023
SF017,371489.6872,7217701.985,B,midden_3,0.364,3.07,0,0.012,87.359,0.193,2.938,0.741,0.088,0.061,0.622,5.205,0.218,0.007,0.008,0.108,2.386,0.005,0.002,0.006,0.028,0.024
SF018,371489.7979,7217699.986,B,undetermined,0.355,2.895,0,0.014,91.017,0.188,3.605,0.804,0.103,0.06,0.656,0.922,0.235,0.008,0.01,0.083,2.25,0.005,0.002,0.002,0.028,0.022
SF019,371487.7315,7217700.026,B,undetermined,0.362,2.923,0,0.011,90.954,0.191,3.721,0.825,0.103,0.062,0.631,0.85,0.243,0.007,0.007,0.077,2.272,0.004,0.002,LOD,0.026,0.023
SF02,371493.8499,7217708.088,B,undetermined,0.336,2.899,0,0.01,91.162,0.178,3.734,0.748,0.095,0.058,0.667,0.704,0.252,0.006,0.007,0.076,2.254,0.004,0.002,LOD,0.033,0.019
SF020,371487.8796,7217702.002,B,undetermined,0.358,3.325,0,0.011,89.471,0.19,3.167,0.794,0.098,0.064,0.656,2.577,0.232,0.008,0.007,0.087,2.585,0.007,0.002,0.004,0.025,0.023
SF021,371487.7161,7217704.099,B,midden_3,0.321,3.232,0,0.011,90.178,0.17,3.488,0.797,0.096,0.064,0.688,1.583,0.287,0.008,0.007,0.058,2.512,0.005,0.002,0.003,0.028,0.023
SF022,371487.9133,7217706.178,B,undetermined,0.295,2.867,0,0.009,91.018,0.156,3.918,0.835,0.094,0.061,0.613,0.706,0.244,0.006,0.006,0.056,2.229,0.003,0.002,LOD,0.03,0.02
SF023,371487.8266,7217708.115,B,undetermined,0.305,2.978,0,0.011,90.838,0.162,3.958,0.815,0.09,0.057,0.703,0.634,0.262,0.007,0.007,0.087,2.315,0.004,0.002,LOD,0.026,0.029
SF024,371487.8284,7217710.054,B,undetermined,0.463,3.031,0,0.013,90.768,0.245,4.058,0.812,0.093,0.06,0.673,0.544,0.234,0.007,0.009,0.086,2.356,0.003,0.002,LOD,0.026,0.021
SF025,371486.0036,7217710.011,B,undetermined,0.332666667,2.796,0,0.008666667,90.961,0.176333333,4.172666667,0.809333333,0.095,0.060333333,0.667333333,0.510333333,0.237333333,0.007333333,0.006,0.070333333,2.173333333,0.003,0.002,LOD,0.025,0.021666667
SF026,371485.8587,7217708.135,B,undetermined,0.373,3.07,0,0.011,90.552,0.197,3.953,0.814,0.089,0.078,0.731,0.766,0.261,0.007,0.007,0.095,2.386,0.004,0.002,0.002,0.029,0.023
SF027,371485.9111,7217706.203,B,undetermined,0.357,2.983,0,0.011,91.235,0.189,3.687,0.724,0.085,0.056,0.695,0.599,0.271,0.005,0.007,0.075,2.319,0.004,0.002,LOD,0.025,0.019
SF028,371485.8619,7217704.121,B,undetermined,0.343,2.903,0,0.008,91.017,0.181,4.202,0.708,0.079,0.058,0.644,0.491,0.255,0.007,0.006,0.042,2.256,0.002,0.002,LOD,0.03,0.017
SF029,371485.7724,7217701.977,B,undetermined,0.231,2.846,0,0.01,91.657,0.122,3.671,0.741,0.087,0.058,0.604,0.494,0.249,0.006,0.007,0.043,2.212,0.003,0.002,LOD,0.025,0.016
SF03,371493.8231,7217706.013,B,midden_3,0.281,3.17,0,0.011,90.693,0.149,3.481,0.783,0.092,0.061,0.682,1.169,0.263,0.005,0.008,0.074,2.464,0.004,0.002,0.002,0.045,0.023
SF030,371485.7541,7217700.058,B,undetermined,0.4,2.841,0,0.011,91.196,0.212,3.87,0.765,0.095,0.064,0.68,0.542,0.22,0.008,0.007,0.079,2.208,0.003,0.002,LOD,0.027,0.018
SF031,371483.8163,7217700.012,B,undetermined,0.362,2.877,0,0.009,91.17,0.192,3.945,0.75,0.087,0.059,0.68,0.466,0.25,0.006,0.006,0.093,2.236,0.004,0.002,LOD,0.031,0.02
SF032,371483.8106,7217701.97,B,undetermined,0.353,3.254,0.43,0.012,90.473,0.187,3.853,0.775,0.09,0.059,0.675,0.723,0.238,0.006,0.008,0.068,2.529,0.005,0.002,LOD,0.027,0.02
SF033,371483.8222,7217704.151,B,undetermined,0.304,3.249,0,0.014,90.838,0.161,3.942,0.792,0.09,0.058,0.738,0.464,0.251,0.007,0.01,0.065,2.526,0.003,0.002,LOD,0.03,0.018
SF034,371483.899,7217706.083,B,undetermined,0.546,2.682,0,0.009,90.769,0.289,4.472,0.769,0.092,0.053,0.641,0.45,0.237,0.007,0.006,0.073,2.085,0.003,0.002,LOD,0.03,0.019
SF035,371483.794,7217708.058,B,undetermined,0.291,2.672,0,0.006,91.028,0.154,4.175,0.769,0.083,0.06,0.652,0.63,0.233,0.006,0.004,0.069,2.077,0.002,0.002,LOD,0.023,0.029
SF036,371483.8065,7217709.988,B,undetermined,0.399,2.644,0,0.008,91.035,0.211,4.296,0.763,0.086,0.06,0.662,0.483,0.228,0.006,0.005,0.055,2.055,0.003,0.002,LOD,0.029,0.019
SF04,371493.7096,7217703.995,B,midden_3,0.258,3.439,0.444,0.012,90.308,0.137,3.356,0.757,0.098,0.059,0.705,1.199,0.256,0.009,0.009,0.098,2.673,0.004,0.002,0.002,0.038,0.019
SF05,371493.841,7217702.048,B,midden_3,0.259,3.118,0,0.015,90.145,0.137,3.48,0.82,0.105,0.062,0.676,1.768,0.231,0.007,0.01,0.075,2.424,0.004,0.002,0.002,0.029,0.019
SF06,371493.6913,7217700.051,B,undetermined,0.29,3.428,0,0.014,90.77,0.153,3.522,0.8,0.092,0.069,0.745,0.744,0.261,0.008,0.009,0.099,2.664,0.005,0.002,LOD,0.03,0.024
SF07,371491.737,7217700.04,B,undetermined,0.387,3.306,0,0.01,90.55,0.205,3.471,0.789,0.096,0.058,0.744,1.07,0.275,0.008,0.007,0.102,2.57,0.005,0.002,0.002,0.025,0.018
SF08,371491.8449,7217701.934,B,midden_3,0.289,3.16,0.353,0.011,88.591,0.153,3.127,0.82,0.096,0.085,0.625,3.455,0.208,0.009,0.008,0.081,2.456,0.005,0.002,0.004,0.035,0.024
SF09,371491.6809,7217704.116,B,midden_3,0.356,3.188,0,0.013,89.889,0.188,3.454,0.808,0.103,0.073,0.608,1.961,0.262,0.008,0.009,0.084,2.478,0.005,0.002,0.003,0.039,0.02
SG01,371513.8276,7217649.995,C,undetermined,0.415,3.602,0,0.015,90.737,0.22,3.629,0.702,0.082,0.059,0.759,0.573,0.261,0.009,0.01,0.085,2.8,0.005,0.003,0.002,0.036,0.023
SG010,371511.9334,7217651.989,C,midden_4,0.285,3.758,0.369,0.01,90.42,0.151,3.363,0.79,0.093,0.06,0.815,0.778,0.242,0.008,0.007,0.059,2.921,0.003,0.002,0.002,0.037,0.023
SG011,371513.855,7217652.066,C,undetermined,0.282,3.252,0,0.009,91.184,0.149,3.712,0.713,0.08,0.058,0.673,0.55,0.231,0.007,0.006,0.052,2.528,0.004,0.002,LOD,0.026,0.023
SG012,371513.9419,7217654.113,C,undetermined,0.351,3.782,0.32,0.014,90.149,0.186,3.743,0.784,0.092,0.063,0.783,0.646,0.268,0.008,0.009,0.071,2.94,0.003,0.002,LOD,0.033,0.025
SG013,371511.7563,7217654.224,C,midden_4,0.385,3.61,0,0.011,90.364,0.204,3.831,0.821,0.092,0.06,0.762,0.612,0.284,0.008,0.007,0.073,2.806,0.004,0.002,LOD,0.041,0.027
SG014,371509.7615,7217654.197,C,midden_4,0.231,3.415,0,0.013,90.693,0.122,3.739,0.821,0.105,0.06,0.746,0.64,0.259,0.009,0.009,0.069,2.654,0.004,0.002,LOD,0.035,0.026
SG015,371507.5046,7217654.301,C,stone_wall_1,0.317,3.894,0,0.014,90.516,0.168,3.689,0.809,0.104,0.068,0.671,0.499,0.269,0.009,0.01,0.09,3.026,0.005,0.002,LOD,0.035,0.024
SG016,371505.749,7217654.168,C,stone_wall_1,0.289,3.391,0,0.011,90.335,0.153,3.76,0.839,0.106,0.061,0.685,1.006,0.271,0.005,0.008,0.07,2.636,0.006,0.002,0.002,0.03,0.023
SG017,371503.7443,7217654.07,C,undetermined,0.309,3.361,0,0.012,90.405,0.163,3.52,0.82,0.095,0.058,0.698,1.214,0.263,0.006,0.008,0.082,2.613,0.006,0.002,0.002,0.024,0.02
SG018,371503.7656,7217656.057,C,undetermined,0.278,3.494,0,0.011,90.804,0.147,3.625,0.796,0.103,0.059,0.714,0.614,0.266,0.008,0.008,0.068,2.716,0.004,0.002,LOD,0.044,0.02
SG019,371505.7653,7217655.851,C,undetermined,0.505,2.983,0,0.012,90.386,0.267,4.168,0.796,0.094,0.055,0.649,0.889,0.228,0.007,0.009,0.071,2.319,0.004,0.002,LOD,0.029,0.023
SG02,371511.9336,7217649.992,C,midden_4,0.198,3.686,0,0.012,90.477,0.105,3.787,0.766,0.087,0.067,0.777,0.645,0.272,0.008,0.009,0.061,2.865,0.004,0.002,LOD,0.036,0.027
SG020,371507.7369,7217655.848,C,undetermined,0.26,2.793,0,0.011,91.272,0.138,3.905,0.759,0.084,0.064,0.636,0.612,0.232,0.006,0.007,0.056,2.171,0.003,0.002,LOD,0.03,0.019
SG021,371509.7711,7217655.901,C,undetermined,0.358,3.294,0.427,0.012,90.504,0.189,3.844,0.793,0.077,0.094,0.737,0.532,0.262,0.007,0.008,0.07,2.56,0.003,0.002,LOD,0.036,0.021
SG022,371511.7608,7217656.04,C,undetermined,0.359,3.522,0,0.013,90.71,0.19,3.611,0.757,0.096,0.059,0.7,0.744,0.244,0.009,0.009,0.075,2.738,0.004,0.002,LOD,0.033,0.016
SG023,371513.8657,7217656.073,C,undetermined,0.270333333,3.206,0,0.009666667,91.18633333,0.143333333,3.766333333,0.789333333,0.084666667,0.057333333,0.61,0.489666667,0.247,0.006666667,0.006666667,0.056333333,2.492333333,0.002666667,0.002,LOD,0.033333333,0.022333333
SG024,371513.8538,7217658.215,C,undetermined,0.315,3.257,0,0.01,91.044,0.167,3.808,0.831,0.095,0.062,0.656,0.446,0.226,0.009,0.007,0.056,2.532,0.003,0.002,LOD,0.034,0.02
SG025,371511.6894,7217657.958,C,undetermined,0.429,3.546,0,0.015,90.814,0.227,3.463,0.717,0.105,0.145,0.787,0.555,0.28,0.008,0.01,0.067,2.756,0.003,0.002,LOD,0.036,0.023
SG026,371509.692,7217658.094,C,undetermined,0.432,3.711,0,0.014,90.382,0.229,3.886,0.797,0.086,0.056,0.741,0.517,0.263,0.007,0.01,0.073,2.885,0.004,0.002,LOD,0.034,0.024
SG027,371507.734,7217658.006,C,undetermined,0.299,3.102,0,0.011,91.282,0.158,3.722,0.741,0.092,0.065,0.625,0.528,0.239,0.006,0.008,0.068,2.411,0.004,0.002,LOD,0.029,0.017
SG028,371505.7456,7217658.025,C,undetermined,0.326,3.166,0.673,0.013,90.69,0.173,3.685,0.745,0.088,0.103,0.658,0.622,0.229,0.008,0.009,0.065,2.461,0.003,0.002,LOD,0.029,0.02
SG029,371503.8425,7217658.069,C,undetermined,0.497,3.329,0,0.013,90.585,0.263,4.077,0.746,0.09,0.074,0.66,0.505,0.268,0.008,0.009,0.066,2.588,0.003,0.002,LOD,0.032,0.02
SG03,371507.9981,7217649.893,C,stone_wall_1,0.262,3.814,0.313,0.012,90.36,0.138,3.282,0.727,0.092,0.073,0.773,0.92,0.265,0.009,0.008,0.133,2.965,0.009,0.003,0.002,0.024,0.021
SG030,371504.0167,7217659.999,C,undetermined,0.396,3.995,0,0.014,90.4,0.21,3.704,0.782,0.09,0.092,0.776,0.451,0.244,0.007,0.01,0.062,3.105,0.003,0.002,LOD,0.032,0.023
SG031,371505.8099,7217659.978,C,undetermined,0.355,3.586,0.281,0.011,90.955,0.188,3.435,0.733,0.08,0.065,0.63,0.558,0.255,0.007,0.007,0.067,2.787,0.004,0.002,LOD,0.031,0.023
SG032,371507.7071,7217660.04,C,undetermined,0.309,3.745,0,0.011,88.838,0.164,3.098,0.763,0.103,0.069,0.675,2.987,0.246,0.009,0.008,0.063,2.911,0.004,0.002,0.004,0.029,0.024
SG033,371509.7907,7217660.048,C,undetermined,0.227,3.131,0,0.013,91.214,0.12,3.835,0.822,0.083,0.057,0.629,0.433,0.241,0.006,0.009,0.054,2.434,0.002,0.002,LOD,0.037,0.019
SG034,371511.801,7217660.076,C,undetermined,0.375,3.077,0,0.008,90.893,0.199,4.109,0.825,0.099,0.059,0.623,0.412,0.255,0.007,0.006,0.048,2.392,0.002,0.002,LOD,0.044,0.023
SG035,371513.8301,7217660.136,C,undetermined,0.346,3.549,0,0.013,90.5,0.183,4.026,0.835,0.098,0.062,0.694,0.445,0.258,0.009,0.009,0.063,2.759,0.003,0.002,LOD,0.033,0.02
SG036,371503.9546,7217640.019,C,undetermined,0.331,2.946,0,0.008,90.584,0.175,4.363,0.856,0.09,0.058,0.659,0.552,0.236,0.006,0.005,0.063,2.29,0.004,0.002,LOD,0.032,0.022
SG037,371505.8439,7217640.085,C,undetermined,0.403,2.856,0,0.013,90.587,0.213,4.113,0.851,0.096,0.06,0.777,0.666,0.269,0.007,0.009,0.066,2.22,0.005,0.002,LOD,0.027,0.027
SG038,371507.8486,7217640.017,C,undetermined,0.331,3.186,0,0.006,90.921,0.175,3.901,0.819,0.086,0.057,0.707,0.48,0.232,0.006,0.004,0.064,2.476,0.004,0.002,LOD,0.037,0.025
SG039,371509.8712,7217640.039,C,undetermined,0.355,3.13,0,0.013,90.809,0.188,4.004,0.733,0.078,0.06,0.72,0.55,0.29,0.006,0.009,0.06,2.433,0.005,0.002,LOD,0.029,0.022
SG04,371505.9937,7217649.903,C,stone_wall_1,0.252,3.72,0.308,0.016,90.527,0.133,3.34,0.769,0.096,0.063,0.71,0.836,0.238,0.007,0.011,0.123,2.892,0.009,0.003,0.002,0.029,0.023
SG040,371511.9188,7217640.028,C,undetermined,0.319,3.194,0,0.012,90.791,0.169,3.988,0.722,0.076,0.06,0.748,0.58,0.24,0.008,0.008,0.072,2.483,0.005,0.002,LOD,0.024,0.023
SG041,371513.7934,7217640.012,C,undetermined,0.386,3.622,0.839,0.011,90.05,0.205,3.792,0.737,0.079,0.06,0.855,0.483,0.265,0.007,0.008,0.066,2.815,0.005,0.003,LOD,0.033,0.027
SG042,371513.8503,7217642.005,C,undetermined,0.295,2.937,0,0.01,91.121,0.156,3.808,0.789,0.073,0.062,0.714,0.627,0.223,0.008,0.007,0.066,2.283,0.004,0.002,LOD,0.035,0.019
SG043,371511.8478,7217642.004,C,undetermined,0.321,3.027,0,0.013,91.103,0.17,3.637,0.835,0.09,0.059,0.721,0.624,0.253,0.007,0.009,0.075,2.353,0.005,0.002,LOD,0.032,0.023
SG044,371509.7741,7217641.998,C,undetermined,0.259,2.691,0,0.01,91.266,0.137,4.019,0.816,0.093,0.059,0.665,0.495,0.229,0.006,0.007,0.055,2.092,0.003,0.002,LOD,0.029,0.023
SG045,371507.8492,7217642.009,C,undetermined,0.262,3.324,0,0.012,90.732,0.139,3.854,0.821,0.097,0.056,0.702,0.616,0.241,0.008,0.008,0.074,2.583,0.005,0.002,LOD,0.029,0.028
SG046,371505.8421,7217641.993,C,undetermined,0.298,2.989,0,0.008,91.023,0.158,3.982,0.816,0.09,0.06,0.709,0.466,0.238,0.006,0.006,0.061,2.324,0.003,0.002,LOD,0.033,0.019
SG047,371503.9258,7217642,C,undetermined,0.355,3.046,0,0.011,90.671,0.188,4.164,0.833,0.082,0.059,0.751,0.482,0.261,0.009,0.007,0.067,2.368,0.003,0.002,LOD,0.03,0.021
SG048,371503.9154,7217643.933,C,undetermined,0.331,3.035,0,0.009,90.55,0.175,4.274,0.852,0.093,0.059,0.671,0.582,0.239,0.006,0.006,0.067,2.359,0.005,0.002,LOD,0.036,0.02
SG049,371505.8688,7217643.99,C,undetermined,0.397,3.028,0,0.011,90.79,0.21,4.09,0.829,0.096,0.058,0.695,0.473,0.255,0.009,0.008,0.07,2.353,0.005,0.002,LOD,0.03,0.026
SG05,371504.0092,7217650.049,C,undetermined,0.238,3.052,0,0.012,91.313,0.126,3.334,0.729,0.082,0.058,0.661,0.921,0.237,0.005,0.008,0.095,2.372,0.007,0.002,0.002,0.024,0.02
SG050,371507.8713,7217644.055,C,undetermined,0.412,3.273,0,0.01,90.495,0.218,4.291,0.81,0.084,0.058,0.646,0.497,0.229,0.008,0.007,0.056,2.544,0.003,0.002,LOD,0.03,0.02
SG051,371509.8198,7217644.046,C,undetermined,0.29,2.852,0,0.008,91.066,0.154,4.015,0.829,0.103,0.06,0.63,0.536,0.268,0.008,0.006,0.048,2.217,0.004,0.002,LOD,0.03,0.021
SG052,371511.8713,7217644.066,C,undetermined,0.292,3.025,0,0.012,90.987,0.154,4.016,0.801,0.094,0.081,0.624,0.547,0.208,0.006,0.008,0.066,2.351,0.004,0.002,LOD,0.025,0.021
SG053,371513.7675,7217644.009,C,undetermined,0.349,3.1425,0,0.011,90.774,0.1845,4.0025,0.837,0.097,0.062,0.6505,0.578,0.241,0.0055,0.0075,0.058,2.4425,0.004,0.002,LOD,0.032,0.0185
SG054,371513.8491,7217647.962,C,undetermined,0.302666667,3.541666667,0,0.013333333,90.69133333,0.160333333,3.577,0.803,0.085,0.057,0.753333333,0.715,0.244,0.008,0.009,0.082333333,2.752666667,0.004666667,0.002,LOD,0.027333333,0.024333333
SG055,371511.7057,7217648.083,C,undetermined,0.331,2.839,0,0.008,91.342,0.175,3.955,0.702,0.072,0.064,0.653,0.452,0.253,0.007,0.006,0.051,2.207,0.003,0.002,LOD,0.034,0.019
SG056,371507.894,7217648.055,C,stone_wall_1,0.385,3.65,0,0.013,90.293,0.204,3.699,0.762,0.082,0.062,0.756,0.8,0.271,0.009,0.009,0.147,2.837,0.011,0.003,0.002,0.026,0.023
SG057,371505.9096,7217648.058,C,stone_wall_1,0.36,3.445,0,0.013,90.417,0.191,3.656,0.713,0.095,0.061,0.702,1.039,0.258,0.007,0.009,0.107,2.678,0.01,0.003,0.002,0.027,0.025
SG058,371503.8227,7217648.031,C,undetermined,0.31,2.94,0,0.01,90.708,0.164,4.136,0.845,0.091,0.061,0.65,0.61,0.292,0.007,0.007,0.08,2.285,0.006,0.002,LOD,0.03,0.023
SG059,371503.9362,7217646,C,undetermined,0.376,2.934,0,0.012,90.768,0.199,3.985,0.845,0.088,0.058,0.695,0.667,0.26,0.007,0.008,0.074,2.281,0.005,0.002,LOD,0.031,0.023
SG06,371503.7973,7217651.989,C,undetermined,0.256,3.161,0,0.013,90.965,0.135,3.619,0.729,0.085,0.062,0.821,0.72,0.246,0.007,0.009,0.084,2.457,0.005,0.002,0.002,0.027,0.022
SG060,371505.9172,7217646.081,C,undetermined,0.317,3.631,0,0.01,90.573,0.168,3.612,0.789,0.092,0.06,0.721,0.757,0.254,0.006,0.007,0.071,2.822,0.005,0.002,0.002,0.034,0.023
SG061,371507.8676,7217645.974,C,undetermined,0.286,3.104,0.357,0.008,90.556,0.151,3.981,0.856,0.096,0.059,0.703,0.549,0.287,0.006,0.005,0.059,2.413,0.004,0.002,LOD,0.032,0.022
SG062,371509.7842,7217646.039,C,undetermined,0.282,2.979,0,0.011,90.792,0.149,3.532,0.847,0.105,0.061,0.683,1.137,0.243,0.007,0.008,0.065,2.315,0.004,0.002,0.002,0.025,0.02
SG063,371511.6253,7217645.983,C,undetermined,0.31,2.987,0.336,0.011,90.598,0.164,3.858,0.849,0.094,0.064,0.72,0.742,0.256,0.007,0.007,0.057,2.321,0.003,0.002,LOD,0.031,0.021
SG064,371513.8312,7217646.179,C,undetermined,0.251,3.119,0,0.012,91.226,0.133,3.684,0.749,0.086,0.062,0.673,0.569,0.239,0.005,0.008,0.077,2.424,0.004,0.002,LOD,0.03,0.025
SG07,371505.7792,7217651.881,C,stone_wall_1,0.273,3.177,0.288,0.012,90.96,0.145,3.498,0.73,0.09,0.059,0.721,0.757,0.232,0.007,0.008,0.089,2.47,0.006,0.002,0.002,0.028,0.02
SG08,371507.8152,7217651.845,C,stone_wall_1,0.232,3.702,0,0.013,90.493,0.123,3.566,0.793,0.091,0.06,0.817,0.736,0.265,0.007,0.009,0.093,2.878,0.005,0.003,0.002,0.032,0.025
SG09,371509.878,7217652.048,C,midden_4,0.369,3.874,0,0.016,89.75,0.195,3.429,0.769,0.094,0.066,0.929,1.271,0.296,0.007,0.011,0.09,3.011,0.005,0.003,0.003,0.033,0.034
SH01,371501.7965,7217640.057,C,undetermined,0.338,3.13,0.393,0.011,90.814,0.179,3.947,0.67,0.073,0.062,0.722,0.48,0.246,0.006,0.008,0.062,2.433,0.005,0.002,LOD,0.029,0.022
SH010,371501.7568,7217642.099,C,undetermined,0.629,2.954,0,0.008,89.918,0.333,4.859,0.763,0.097,0.056,0.687,0.614,0.235,0.007,0.006,0.069,2.296,0.005,0.002,LOD,0.033,0.017
SH011,371501.7684,7217644.09,C,undetermined,0.391,3.198,0,0.008,90.496,0.207,4.19,0.822,0.095,0.056,0.704,0.536,0.279,0.007,0.006,0.056,2.486,0.004,0.002,LOD,0.033,0.018
SH012,371499.9835,7217644.218,C,undetermined,0.323,3.003,0,0.01,90.834,0.171,4.05,0.8,0.095,0.068,0.668,0.576,0.274,0.007,0.007,0.062,2.334,0.004,0.002,LOD,0.027,0.017
SH013,371497.8946,7217644.221,C,undetermined,0.255,2.685,0,0.009,91.147,0.135,4.211,0.85,0.094,0.062,0.631,0.454,0.214,0.008,0.006,0.047,2.087,0.004,0.002,LOD,0.027,0.018
SH014,371495.8723,7217644.083,C,undetermined,0.256,2.65,0,0.01,91.375,0.136,4.055,0.801,0.086,0.057,0.643,0.445,0.205,0.007,0.007,0.071,2.06,0.005,0.002,LOD,0.026,0.018
SH015,371493.8129,7217644.064,C,undetermined,0.245,3.145,0,0.009,91.093,0.13,3.857,0.838,0.093,0.058,0.623,0.442,0.277,0.006,0.006,0.071,2.444,0.004,0.002,LOD,0.031,0.022
SH016,371493.9076,7217646.095,C,undetermined,0.294,2.967,0,0.011,90.906,0.156,4.082,0.832,0.093,0.061,0.68,0.455,0.292,0.005,0.008,0.06,2.306,0.004,0.002,LOD,0.034,0.022
SH017,371495.8496,7217646.097,C,undetermined,0.347,2.964,0.345,0.011,90.8,0.184,4.012,0.842,0.092,0.058,0.681,0.442,0.25,0.006,0.007,0.055,2.304,0.004,0.002,LOD,0.031,0.019
SH018,371497.8757,7217646.03,C,undetermined,0.281,2.825,0,0.011,91.088,0.148,4.06,0.838,0.095,0.058,0.643,0.498,0.25,0.007,0.007,0.054,2.196,0.005,0.002,LOD,0.028,0.019
SH019,371500.024,7217646.112,C,undetermined,0.329,3.196,0,0.012,90.831,0.174,3.982,0.831,0.093,0.06,0.689,0.448,0.28,0.007,0.008,0.056,2.484,0.004,0.002,LOD,0.032,0.017
SH02,371499.816,7217640.056,C,undetermined,0.315,2.893,0,0.011,91.484,0.167,3.675,0.669,0.079,0.057,0.711,0.499,0.262,0.005,0.008,0.076,2.248,0.005,0.002,LOD,0.03,0.019
SH020,371501.7404,7217646.077,C,undetermined,0.432,2.957,0,0.01,90.738,0.228,4.153,0.835,0.093,0.057,0.709,0.514,0.242,0.007,0.007,0.06,2.298,0.004,0.002,LOD,0.03,0.02
SH021,371501.785,7217648.091,C,undetermined,0.212,2.985,0,0.011,91.438,0.112,3.795,0.735,0.077,0.059,0.602,0.486,0.237,0.007,0.008,0.065,2.32,0.004,0.002,LOD,0.029,0.02
SH022,371500.01,7217648.085,C,undetermined,0.363,2.975,0,0.014,90.87,0.192,4.223,0.73,0.086,0.059,0.692,0.458,0.242,0.007,0.01,0.058,2.312,0.003,0.002,LOD,0.036,0.017
SH023,371497.8967,7217647.978,C,undetermined,0.402,2.925,0.328,0.01,90.62,0.213,4.298,0.729,0.082,0.056,0.682,0.449,0.279,0.006,0.007,0.051,2.273,0.004,0.002,LOD,0.032,0.019
SH024,371495.8777,7217648.038,C,undetermined,0.236,3.111,0,0.008,92.125,0.125,3.29,0.499,0.064,0.059,0.642,0.425,0.225,0.006,0.005,0.062,2.418,0.004,0.002,LOD,0.024,0.019
SH025,371493.8727,7217650.113,C,enclosure_2,0.35,3.317,0,0.013,90.683,0.185,3.869,0.792,0.092,0.057,0.743,0.581,0.253,0.009,0.009,0.087,2.579,0.006,0.002,0.002,0.029,0.023
SH026,371496.0205,7217649.942,C,undetermined,0.263,3.633,0,0.016,90.941,0.139,3.663,0.709,0.091,0.06,0.723,0.448,0.246,0.008,0.011,0.067,2.824,0.004,0.002,LOD,0.037,0.017
SH027,371498.0363,7217649.96,C,undetermined,0.273,3.046,0,0.01,91.029,0.145,4.04,0.767,0.092,0.056,0.677,0.448,0.25,0.005,0.007,0.056,2.368,0.003,0.002,LOD,0.036,0.018
SH028,371499.8718,7217649.897,C,undetermined,0.359,3.064,0,0.008,90.908,0.19,3.993,0.766,0.093,0.059,0.635,0.613,0.229,0.006,0.006,0.061,2.382,0.004,0.002,LOD,0.031,0.019
SH029,371501.8711,7217650.029,C,undetermined,0.356,2.87,0,0.009,90.968,0.188,4.07,0.781,0.086,0.067,0.645,0.593,0.211,0.007,0.006,0.086,2.231,0.004,0.002,LOD,0.03,0.022
SH03,371497.9048,7217639.999,C,undetermined,0.287,2.772,0,0.01,91.07,0.152,4.074,0.787,0.093,0.062,0.72,0.5,0.237,0.008,0.007,0.072,2.155,0.005,0.002,LOD,0.027,0.024
SH030,371501.95,7217652.251,C,undetermined,0.264,3.109,0,0.009,91.054,0.14,3.756,0.799,0.09,0.063,0.619,0.67,0.247,0.007,0.006,0.072,2.417,0.004,0.002,LOD,0.03,0.02
SH031,371499.9876,7217652.196,C,undetermined,0.281,3.04,0,0.013,90.955,0.149,3.663,0.788,0.099,0.061,0.663,0.872,0.239,0.009,0.009,0.07,2.363,0.005,0.002,LOD,0.032,0.017
SH032,371497.9868,7217652.226,C,undetermined,0.294,3.796,0,0.012,90.232,0.156,3.721,0.804,0.112,0.065,0.746,0.785,0.292,0.006,0.008,0.059,2.951,0.005,0.002,0.002,0.037,0.018
SH033,371493.7199,7217651.924,C,enclosure_2,0.238,3.3,0,0.011,91.419,0.126,3.521,0.729,0.081,0.064,0.677,0.428,0.238,0.006,0.007,0.071,2.565,0.005,0.002,LOD,0.036,0.021
SH034,371493.7675,7217653.832,C,enclosure_2,0.212,3.059,0,0.009,91.363,0.112,3.68,0.758,0.087,0.07,0.648,0.528,0.245,0.006,0.006,0.062,2.378,0.003,0.002,LOD,0.033,0.018
SH035,371496.8924,7217654.608,C,undetermined,0.262,3.286,0,0.012,91.218,0.138,3.296,0.744,0.09,0.061,0.711,0.8,0.254,LOD,0.008,0.066,2.554,0.004,0.002,0.002,0.026,0.02
SH036,371498.0203,7217654.276,C,undetermined,0.208333333,3.311333333,0,0.014,91.365,0.110333333,2.810666667,0.679,0.111666667,0.059333333,0.718666667,1.164666667,0.237333333,0.009666667,0.010333333,0.093666667,2.574,0.006333333,0.002,0.002,0.029666667,0.014666667
SH037,371500.0293,7217654.189,C,undetermined,0.301,3.325,0,0.012,90.918,0.159,3.431,0.76,0.097,0.06,0.67,0.897,0.256,0.007,0.008,0.084,2.585,0.004,0.002,0.002,0.037,0.021
SH038,371501.9823,7217654.207,C,undetermined,0.361,3.313,0,0.009,90.759,0.191,3.683,0.811,0.094,0.066,0.675,0.75,0.232,0.007,0.006,0.088,2.575,0.006,0.002,LOD,0.029,0.023
SH039,371501.9041,7217656.214,C,undetermined,0.322,3.673,0,0.013,90.675,0.171,3.581,0.791,0.093,0.059,0.643,0.746,0.243,0.007,0.009,0.068,2.855,0.004,0.002,LOD,0.032,0.018
SH04,371495.8378,7217640.142,C,undetermined,1.052,3.167,0,0.018,87.969,0.557,6.242,0.733,0.092,0.056,0.823,0.64,0.276,0.007,0.012,0.069,2.462,0.004,0.002,0.002,0.03,0.022
SH040,371500.0236,7217656.205,C,undetermined,0.293,3.249,0,0.011,91.167,0.155,3.506,0.689,0.084,0.06,0.695,0.723,0.241,0.007,0.008,0.076,2.526,0.004,0.002,LOD,0.034,0.02
SH041,371498.0858,7217656.206,C,undetermined,0.322,3.347,0.317,0.01,90.779,0.171,3.409,0.707,0.103,0.062,0.7,0.862,0.246,0.006,0.007,0.088,2.602,0.004,0.002,0.002,0.038,0.02
SH042,371496.3937,7217656.414,C,undetermined,0.359,3.277,0,0.012,90.972,0.19,3.633,0.742,0.099,0.062,0.686,0.656,0.259,0.01,0.008,0.085,2.547,0.004,0.002,LOD,0.024,0.017
SH043,371493.8422,7217655.881,C,enclosure_2,0.248,3.138,0,0.014,91.141,0.131,2.574,0.753,0.153,0.067,0.632,1.766,0.179,0.007,0.01,0.106,2.439,0.008,0.002,0.002,0.018,0.009
SH044,371493.7518,7217658.116,C,undetermined,0.22,3.324,0.269,0.011,90.61,0.117,3.946,0.783,0.104,0.076,0.632,0.626,0.236,0.007,0.007,0.063,2.584,0.005,0.002,0.002,0.03,0.008
SH045,371496.3006,7217658.516,C,undetermined,0.325,3.076,0,0.011,91.017,0.172,3.688,0.803,0.099,0.126,0.683,0.656,0.219,0.006,0.007,0.078,2.391,0.004,0.002,LOD,0.031,0.014
SH046,371498.0429,7217658.153,C,undetermined,0.61,3.497,0,0.014,89.89,0.323,4.238,0.769,0.103,0.057,0.699,0.789,0.263,0.007,0.009,0.078,2.718,0.004,0.002,0.002,0.025,0.018
SH047,371499.96,7217658.138,C,undetermined,0.68,3.32,0,0.014,89.786,0.36,4.567,0.757,0.096,0.054,0.66,0.768,0.239,0.007,0.01,0.062,2.58,0.005,0.002,LOD,0.026,0.018
SH048,371501.8045,7217658.183,C,undetermined,0.342,3.542,0,0.011,90.505,0.181,3.778,0.781,0.09,0.064,0.688,0.733,0.278,0.008,0.008,0.063,2.753,0.003,0.002,0.002,0.04,0.021
SH049,371501.9824,7217660.177,C,undetermined,0.403,3.489,0,0.009,90.796,0.213,3.867,0.776,0.086,0.059,0.598,0.516,0.251,0.007,0.006,0.054,2.712,0.003,0.002,LOD,0.028,0.021
SH05,371493.8025,7217640.071,C,undetermined,0.703,2.857,0.375,0.009,89.457,0.372,5.225,0.766,0.094,0.057,0.697,0.498,0.264,0.005,0.006,0.055,2.221,0.004,0.002,LOD,0.029,0.017
SH050,371499.992,7217660.151,C,undetermined,0.305,2.521,0,0.008,93.249,0.161,2.988,0.423,0.052,0.055,0.423,0.399,0.216,0.005,0.005,0.027,1.96,0.002,LOD,LOD,0.022,0.009
SH051,371498.0886,7217660.186,C,undetermined,0.308,3.106,0,0.01,91.432,0.163,3.703,0.672,0.074,0.063,0.647,0.419,0.27,0.008,0.007,0.069,2.414,0.003,0.002,LOD,0.032,0.018
SH052,371495.9545,7217660.177,C,undetermined,0.317,2.839,0,0.011,91.744,0.168,3.528,0.697,0.071,0.067,0.611,0.537,0.221,0.005,0.007,0.084,2.207,0.003,0.002,LOD,0.026,0.017
SH053,371494.0328,7217659.952,C,undetermined,0.322,3.299,0.414,0.014,90.741,0.171,3.515,0.701,0.08,0.066,0.678,0.828,0.244,0.006,0.009,0.082,2.564,0.005,0.002,0.002,0.032,0.022
SH06,371493.8866,7217641.994,C,undetermined,0.273,2.721,0,0.007,91.089,0.144,4.146,0.813,0.093,0.057,0.626,0.563,0.223,0.006,0.005,0.064,2.115,0.005,0.002,LOD,0.03,0.017
SH07,371495.8909,7217642.113,C,undetermined,0.311,2.855,0,0.01,91.023,0.165,4.126,0.763,0.086,0.058,0.639,0.538,0.246,0.006,0.007,0.062,2.219,0.005,0.002,LOD,0.034,0.018
SH08,371497.8394,7217642.12,C,undetermined,0.37,2.727,0,0.012,90.955,0.196,4.087,0.794,0.101,0.058,0.71,0.625,0.218,0.005,0.008,0.071,2.12,0.005,0.002,LOD,0.028,0.015
SH09,371499.8896,7217642.087,C,undetermined,0.264,2.975,0.307,0.009,91.09,0.14,3.707,0.791,0.097,0.058,0.67,0.546,0.261,0.007,0.006,0.069,2.312,0.004,0.002,LOD,0.031,0.019
SI01,371493.8301,7217719.979,B,undetermined,0.328,3.346,0,0.012,90.896,0.174,3.83,0.73,0.08,0.053,0.761,0.397,0.29,0.01,0.008,0.107,2.601,0.002,0.002,LOD,0.033,0.022
SI010,371491.7159,7217719.935,B,undetermined,0.292,2.952,0,0.015,91.149,0.154,3.811,0.763,0.091,0.058,0.714,0.533,0.257,0.009,0.01,0.095,2.295,0.002,0.002,LOD,0.03,0.024
SI011,371489.7323,7217720.006,B,undetermined,0.278,3.769,0,0.014,90.563,0.147,3.654,0.768,0.088,0.061,0.849,0.426,0.323,0.009,0.009,0.1,2.93,0.003,0.002,LOD,0.039,0.024
SI012,371489.8168,7217718.002,B,undetermined,0.317,2.871,0,0.01,91.198,0.168,3.871,0.767,0.087,0.055,0.747,0.476,0.253,0.007,0.007,0.076,2.232,0.002,0.002,LOD,0.028,0.022
SI013,371489.8426,7217716.016,B,undetermined,0.258,2.642,0,0.008,91.292,0.137,4.158,0.792,0.098,0.057,0.642,0.432,0.207,0.007,0.005,0.066,2.053,0.003,0.002,LOD,0.029,0.019
SI014,371489.8616,7217714.02,B,undetermined,0.282,2.568,0,0.009,91.49,0.149,3.958,0.803,0.102,0.055,0.6,0.473,0.241,0.007,0.006,0.063,1.996,0.002,0.002,LOD,0.031,0.019
SI015,371489.8464,7217712.034,B,undetermined,0.325,2.749,0,0.012,91.542,0.172,3.867,0.734,0.086,0.06,0.641,0.403,0.225,0.006,0.008,0.063,2.137,0.002,0.002,LOD,0.029,0.02
SI016,371487.9354,7217712.056,B,undetermined,0.333,2.867,0,0.01,91.068,0.176,4.082,0.801,0.094,0.058,0.638,0.421,0.275,0.006,0.007,0.075,2.229,0.002,0.002,LOD,0.04,0.023
SI017,371487.9116,7217714.03,B,undetermined,0.302,2.828,0,0.014,91.318,0.16,3.783,0.805,0.101,0.059,0.641,0.471,0.29,0.008,0.009,0.073,2.198,0.003,0.002,LOD,0.033,0.042
SI018,371487.992,7217716.039,B,undetermined,0.338,3.083,0,0.015,91.249,0.179,3.348,0.773,0.108,0.056,0.696,0.785,0.249,0.007,0.01,0.086,2.396,0.003,0.002,0.002,0.03,0.018
SI019,371487.7968,7217718.02,B,undetermined,0.301,3.017,0,0.013,91.223,0.159,3.597,0.768,0.09,0.059,0.715,0.603,0.277,0.007,0.009,0.08,2.345,0.002,0.002,0.002,0.035,0.025
SI02,371493.8656,7217717.903,B,undetermined,0.346,3.153,0,0.009,91.173,0.183,3.679,0.729,0.09,0.052,0.732,0.493,0.25,0.006,0.006,0.099,2.451,0.002,0.002,LOD,0.032,0.017
SI020,371487.8035,7217719.982,B,undetermined,0.234,3.078,0,0.012,91.257,0.124,3.61,0.77,0.096,0.061,0.752,0.512,0.26,0.009,0.008,0.077,2.393,0.002,0.002,LOD,0.038,0.026
SI021,371485.7114,7217720.08,B,undetermined,0.331,3.24,0,0.01,91.012,0.175,3.56,0.762,0.095,0.06,0.729,0.66,0.264,0.006,0.007,0.088,2.519,0.004,0.002,0.002,0.03,0.023
SI022,371485.7973,7217717.898,B,undetermined,0.189,3.38,0,0.012,91.294,0.1,3.256,0.61,0.089,0.055,0.809,0.699,0.28,0.009,0.008,0.095,2.627,0.004,0.002,0.002,0.035,0.023
SI023,371485.8409,7217715.966,B,undetermined,0.213,3.049,0,0.014,91.598,0.113,3.141,0.648,0.097,0.055,0.705,0.853,0.249,0.007,0.009,0.091,2.37,0.005,0.002,0.002,0.03,0.023
SI024,371485.8368,7217714.014,B,undetermined,0.225,2.767,0,0.009,92.016,0.119,3.082,0.534,0.082,0.054,0.669,0.891,0.245,0.007,0.006,0.082,2.151,0.003,0.002,0.002,0.032,0.019
SI025,371485.8392,7217712.054,B,undetermined,0.264,2.815,0,0.014,91.05,0.14,4.046,0.835,0.105,0.061,0.635,0.526,0.24,0.009,0.009,0.091,2.188,0.003,0.002,LOD,0.034,0.022
SI026,371483.7304,7217712.056,B,undetermined,0.389,2.867,0,0.009,91.127,0.206,3.888,0.85,0.101,0.061,0.7,0.414,0.271,0.006,0.006,0.078,2.229,0.003,0.002,LOD,0.032,0.023
SI027,371483.7761,7217714.022,B,undetermined,0.423,2.792,0,0.008,91.024,0.224,3.949,0.834,0.09,0.054,0.658,0.591,0.267,0.007,0.005,0.061,2.17,0.003,0.002,LOD,0.04,0.019
SI028,371483.7592,7217716.006,B,undetermined,0.266333333,2.860666667,0.091,0.011,91.36766667,0.141,3.712,0.679333333,0.08,0.059666667,0.770666667,0.495,0.261,0.006666667,0.007666667,0.075333333,2.223666667,0.002666667,0.002,LOD,0.033333333,0.022333333
SI029,371483.8507,7217717.983,B,undetermined,0.285,3.388,0,0.013,90.758,0.151,3.769,0.757,0.101,0.061,0.744,0.583,0.272,0.008,0.009,0.088,2.633,0.004,0.002,0.002,0.035,0.023
SI03,371493.651,7217716.257,B,undetermined,0.265,2.766,0,0.006,91.587,0.14,3.925,0.716,0.091,0.053,0.588,0.394,0.228,0.006,0.004,0.072,2.15,0.002,0.002,LOD,0.024,0.016
SI030,371483.8287,7217719.984,B,undetermined,0.329,2.983,0,0.009,91.077,0.174,3.929,0.8,0.089,0.059,0.662,0.472,0.273,0.007,0.006,0.071,2.318,0.002,0.002,LOD,0.032,0.022
SI031,371481.9083,7217720.095,B,undetermined,0.373,3.289,0.342,0.013,90.446,0.197,4.043,0.807,0.097,0.057,0.741,0.414,0.265,0.007,0.009,0.09,2.556,0.003,0.002,LOD,0.031,0.024
SI032,371481.8643,7217718.076,B,undetermined,0.36,3.167,0,0.006,90.817,0.19,4.103,0.809,0.091,0.06,0.665,0.403,0.248,0.007,0.004,0.078,2.462,0.003,0.002,LOD,0.032,0.024
SI033,371481.8324,7217716.047,B,undetermined,0.267,3.196,0,0.019,90.883,0.141,3.623,0.801,0.1,0.056,0.765,0.701,0.265,0.01,0.013,0.092,2.484,0.003,0.002,0.002,0.031,0.025
SI034,371481.6775,7217714.07,B,undetermined,0.227,2.974,0,0.009,91.342,0.12,3.633,0.753,0.086,0.063,0.752,0.537,0.25,0.008,0.006,0.077,2.312,0.005,0.002,LOD,0.027,0.024
SI035,371481.8531,7217712.065,B,undetermined,0.33,2.589,0,0.007,91.12,0.175,4.185,0.809,0.098,0.061,0.689,0.465,0.242,0.006,0.005,0.057,2.012,0.003,0.002,LOD,0.041,0.027
SI036,371481.884,7217710.068,B,undetermined,0.338,2.644,0,0.009,91.506,0.179,3.792,0.818,0.089,0.059,0.694,0.446,0.228,0.008,0.006,0.056,2.055,0.002,0.002,LOD,0.034,0.021
SI037,371480.0392,7217709.91,B,undetermined,0.379,2.868,0,0.012,91.252,0.2,3.687,0.799,0.094,0.058,0.74,0.534,0.267,0.007,0.008,0.061,2.229,0.002,0.002,LOD,0.036,0.021
SI038,371479.9561,7217712.122,B,undetermined,0.248,2.98,0,0.012,91.217,0.131,3.748,0.824,0.101,0.066,0.701,0.503,0.25,0.007,0.008,0.063,2.316,0.003,0.002,LOD,0.032,0.021
SI039,371479.9744,7217714.178,B,undetermined,0.298,2.976,0.326,0.011,90.814,0.158,3.91,0.803,0.092,0.065,0.705,0.517,0.274,0.007,0.008,0.075,2.313,0.003,0.002,LOD,0.031,0.025
SI04,371493.8869,7217714.154,B,undetermined,0.214,2.506,0,0.005,91.457,0.113,4.299,0.758,0.089,0.056,0.596,0.327,0.238,0.006,0.004,0.053,1.948,0.002,0.002,LOD,0.032,0.018
SI040,371479.994,7217716.131,B,undetermined,0.311,3.363,0,0.01,90.854,0.164,3.646,0.782,0.1,0.06,0.742,0.612,0.258,0.008,0.007,0.093,2.614,0.003,0.002,LOD,0.028,0.022
SI041,371479.891,7217718.16,B,undetermined,0.281,3.052,0,0.011,91.019,0.149,3.901,0.825,0.092,0.059,0.71,0.45,0.256,0.009,0.007,0.09,2.372,0.003,0.002,LOD,0.031,0.022
SI042,371479.9336,7217720.009,B,undetermined,0.285,3.492,0,0.011,90.781,0.151,3.842,0.8,0.099,0.053,0.738,0.383,0.272,0.009,0.007,0.092,2.715,0.003,0.002,LOD,0.024,0.025
SI043,371477.9214,7217720.099,B,undetermined,0.322,3.164,0,0.01,90.749,0.171,4.088,0.811,0.092,0.061,0.73,0.427,0.245,0.006,0.007,0.084,2.46,0.004,0.002,LOD,0.029,0.031
SI044,371477.9016,7217718.086,B,undetermined,0.337,3.483,0,0.011,90.726,0.178,3.753,0.797,0.095,0.058,0.764,0.463,0.28,0.01,0.008,0.1,2.708,0.004,0.002,0.002,0.026,0.026
SI045,371477.9662,7217716.289,B,undetermined,0.37,3.486,0,0.009,90.77,0.196,3.479,0.783,0.119,0.058,0.795,0.65,0.254,0.009,0.006,0.111,2.71,0.004,0.003,0.002,0.027,0.023
SI046,371477.936,7217714.187,B,undetermined,0.387,3.123,0,0.009,90.908,0.205,3.927,0.803,0.094,0.058,0.713,0.466,0.255,0.007,0.006,0.073,2.428,0.003,0.002,LOD,0.029,0.021
SI047,371477.9239,7217712.236,B,undetermined,0.375,3.357,0,0.011,90.5,0.198,3.936,0.828,0.093,0.061,0.726,0.61,0.263,0.007,0.007,0.093,2.609,0.003,0.002,0.002,0.033,0.025
SI048,371477.9879,7217710.116,B,undetermined,0.353,3.094,0,0.013,90.74,0.187,3.927,0.817,0.094,0.06,0.78,0.59,0.264,0.009,0.009,0.061,2.405,0.003,0.002,LOD,0.033,0.017
SI049,371476.0521,7217710.07,B,undetermined,0.431,3.346,0,0.013,90.301,0.228,3.711,0.823,0.101,0.062,0.911,0.83,0.272,0.008,0.009,0.081,2.601,0.004,0.002,0.002,0.032,0.021
SI05,371493.8548,7217712.057,B,undetermined,0.358,2.751,0,0.008,91.359,0.19,4.026,0.743,0.085,0.056,0.63,0.392,0.244,0.006,0.005,0.065,2.138,0.002,0.002,LOD,0.033,0.021
SI050,371475.9324,7217712.153,B,undetermined,0.327,3.41,0,0.015,90.406,0.173,3.699,0.757,0.098,0.059,0.829,0.884,0.265,0.008,0.01,0.089,2.651,0.004,0.002,0.002,0.033,0.027
SI051,371475.9512,7217714.128,B,undetermined,0.453,3.401,0,0.012,90.57,0.24,3.853,0.742,0.095,0.06,0.797,0.522,0.297,0.009,0.008,0.098,2.644,0.003,0.002,LOD,0.033,0.024
SI052,371475.8589,7217716.146,B,undetermined,0.381,3.479,0,0.012,90.505,0.202,3.846,0.747,0.084,0.063,0.824,0.464,0.308,0.009,0.008,0.169,2.704,0.002,0.002,LOD,0.033,0.027
SI053,371475.939,7217718.127,B,undetermined,0.316,3.524,0,0.011,90.23,0.167,4.12,0.795,0.098,0.063,0.828,0.434,0.28,0.007,0.008,0.149,2.739,0.003,0.003,LOD,0.032,0.04
SI054,371475.9708,7217720.105,B,undetermined,0.351,3.418,0,0.014,90.447,0.186,4,0.81,0.095,0.055,0.799,0.489,0.285,0.008,0.01,0.094,2.657,0.003,0.002,LOD,0.032,0.024
SI055,371473.8762,7217719.936,B,undetermined,0.278,3.562,0,0.012,90.5,0.147,3.938,0.774,0.098,0.057,0.777,0.491,0.269,0.01,0.008,0.096,2.769,0.003,0.002,LOD,0.03,0.029
SI056,371473.8306,7217718.112,B,undetermined,0.319,3.528,0,0.017,90.406,0.169,4.094,0.728,0.078,0.071,0.78,0.424,0.281,0.009,0.011,0.138,2.742,0.004,0.002,LOD,0.029,0.031
SI057,371473.8742,7217716.11,B,undetermined,0.379,3.281,0,0.015,90.87,0.201,3.71,0.734,0.081,0.068,0.772,0.573,0.269,0.008,0.01,0.095,2.55,0.003,0.002,LOD,0.028,0.022
SI058,371473.9017,7217714.122,B,undetermined,0.358,3.053,0.514,0.011,90.591,0.189,3.719,0.746,0.089,0.074,0.784,0.671,0.296,0.005,0.008,0.073,2.373,0.004,0.002,LOD,0.038,0.024
SI059,371473.8984,7217712.163,B,undetermined,0.404,3.585,0,0.012,90.435,0.214,3.455,0.777,0.095,0.064,0.786,0.983,0.256,0.007,0.008,0.07,2.786,0.003,0.002,0.002,0.034,0.021
SI06,371491.7239,7217712.068,B,undetermined,0.267,2.828,0,0.011,91.512,0.141,3.711,0.693,0.094,0.057,0.758,0.501,0.225,0.006,0.008,0.047,2.198,0.002,0.002,LOD,0.027,0.013
SI060,371473.8207,7217709.983,B,undetermined,0.364,3.157,0,0.011,90.865,0.193,3.591,0.787,0.1,0.063,0.746,0.761,0.275,0.007,0.007,0.087,2.454,0.004,0.002,0.002,0.034,0.02
SI061,371473.893,7217708.093,B,undetermined,0.383,3.09,0,0.016,90.974,0.203,3.539,0.793,0.095,0.06,0.786,0.716,0.25,0.009,0.011,0.103,2.402,0.004,0.002,0.002,0.03,0.02
SI062,371473.8795,7217702.073,B,undetermined,0.294,3.089,0,0.012666667,91.09733333,0.156,3.677,0.775333333,0.102333333,0.057666667,0.727666667,0.577333333,0.266333333,0.007,0.008666667,0.08,2.401,0.004,0.002,LOD,0.034666667,0.022333333
SI063,371473.7735,7217700.042,B,undetermined,0.277,2.814,0,0.01,91.276,0.147,3.898,0.804,0.096,0.059,0.589,0.516,0.272,0.007,0.007,0.074,2.188,0.004,0.002,LOD,0.038,0.02
SI064,371475.7686,7217700.076,B,undetermined,0.269,2.594,0.42,0.007,91.24,0.142,3.838,0.8,0.099,0.065,0.734,0.438,0.237,0.006,0.005,0.068,2.017,0.003,0.002,LOD,0.029,0.022
SI065,371475.72,7217702.218,B,undetermined,0.344,3.002,0.297,0.014,90.852,0.182,3.47,0.784,0.103,0.059,0.734,0.883,0.249,0.007,0.01,0.096,2.333,0.005,0.002,0.002,0.029,0.018
SI066,371475.8866,7217704.255,B,undetermined,0.277,3.138,0,0.012,90.943,0.147,3.865,0.81,0.098,0.056,0.702,0.52,0.267,0.008,0.008,0.07,2.439,0.004,0.002,LOD,0.038,0.019
SI067,371475.9039,7217706.14,B,undetermined,0.311,2.88,0,0.01,91.218,0.164,3.81,0.799,0.106,0.059,0.686,0.491,0.283,0.005,0.007,0.068,2.238,0.002,0.002,LOD,0.035,0.021
SI068,371475.9016,7217708.098,B,undetermined,0.339,3.036,0,0.011,90.724,0.179,3.516,0.819,0.098,0.059,0.721,1.118,0.258,0.008,0.008,0.069,2.36,0.004,0.002,0.002,0.033,0.019
SI069,371478.0889,7217708.005,B,undetermined,0.206,2.751,0,0.011,91.165,0.109,3.714,0.793,0.106,0.058,0.639,0.922,0.238,0.008,0.008,0.049,2.138,0.003,0.002,0.002,0.029,0.016
SI07,371491.5725,7217713.952,B,undetermined,0.283,2.4,0.424,0.009,91.68,0.15,4.007,0.678,0.08,0.061,0.567,0.349,0.201,0.006,0.006,0.037,1.865,LOD,0.002,LOD,0.032,0.019
SI070,371477.9341,7217706.129,B,undetermined,0.282,2.633,0,0.011,91.563,0.149,3.725,0.761,0.096,0.056,0.651,0.586,0.228,0.006,0.007,0.065,2.046,0.003,0.002,LOD,0.031,0.021
SI071,371477.8835,7217704.229,B,undetermined,0.259,3.151,0,0.011,90.923,0.137,3.955,0.8,0.09,0.059,0.671,0.49,0.283,0.006,0.007,0.07,2.449,0.004,0.002,LOD,0.031,0.021
SI072,371477.8814,7217702.203,B,undetermined,0.281,2.72,0,0.011,91.148,0.149,4.153,0.799,0.099,0.059,0.631,0.48,0.235,0.008,0.008,0.061,2.115,0.003,0.002,LOD,0.03,0.018
SI073,371477.833,7217700.117,B,undetermined,0.345,2.838,0,0.012,91.044,0.182,3.962,0.813,0.101,0.059,0.685,0.544,0.244,0.005,0.008,0.08,2.206,0.004,0.002,LOD,0.037,0.021
SI074,371479.7676,7217700.068,B,undetermined,0.361,3.013,0,0.014,90.69,0.191,4.188,0.794,0.089,0.056,0.69,0.55,0.25,0.009,0.009,0.078,2.342,0.003,0.002,LOD,0.03,0.023
SI075,371479.9079,7217701.978,B,undetermined,0.33,2.77,0,0.01,90.857,0.175,4.356,0.783,0.085,0.061,0.68,0.422,0.273,0.006,0.007,0.075,2.153,0.003,0.002,LOD,0.033,0.027
SI076,371479.9425,7217703.917,B,undetermined,0.414,2.877,0,0.009,90.624,0.219,4.466,0.815,0.094,0.06,0.664,0.446,0.243,0.006,0.006,0.064,2.236,0.003,0.002,LOD,0.032,0.018
SI077,371479.9951,7217705.93,B,undetermined,0.388,2.988,0,0.011,90.54,0.206,4.452,0.788,0.1,0.054,0.666,0.466,0.252,0.008,0.008,0.079,2.323,0.003,0.002,LOD,0.029,0.02
SI078,371480.1221,7217707.872,B,undetermined,0.247,2.751,0,0.008,90.867,0.131,4.114,0.804,0.098,0.062,0.605,0.803,0.246,0.007,0.005,0.053,2.139,0.002,0.002,0.002,0.038,0.021
SI079,371481.8791,7217707.884,B,undetermined,0.317,2.76,0,0.013,91.07,0.168,4.127,0.799,0.09,0.061,0.61,0.528,0.274,0.008,0.009,0.052,2.145,0.002,0.002,LOD,0.032,0.02
SI08,371491.6044,7217716.173,B,undetermined,0.28,2.732,0.468,0.012,91.529,0.148,3.63,0.693,0.086,0.062,0.657,0.415,0.249,0.005,0.008,0.064,2.124,0.002,0.002,LOD,0.028,0.015
SI080,371481.8891,7217705.827,B,undetermined,0.421,2.704,0,0.009,91.069,0.223,4.231,0.833,0.092,0.07,0.628,0.375,0.25,0.005,0.006,0.056,2.102,0.003,0.002,LOD,0.031,0.022
SI081,371481.8281,7217703.877,B,undetermined,0.325,2.695,0,0.009,91.413,0.172,4.111,0.733,0.081,0.061,0.606,0.389,0.21,0.005,0.006,0.064,2.095,0.003,0.002,LOD,0.027,0.021
SI082,371481.8937,7217701.871,B,undetermined,0.3,2.396,0,0.009,91.312,0.159,4.296,0.849,0.094,0.059,0.588,0.433,0.223,0.005,0.006,0.062,1.862,0.004,0.002,LOD,0.027,0.017
SI083,371481.7917,7217700.011,B,undetermined,0.44,2.954,0,0.01,90.837,0.233,4.111,0.824,0.099,0.058,0.654,0.48,0.237,0.008,0.007,0.092,2.296,0.004,0.002,LOD,0.034,0.021
SI09,371491.5972,7217718.017,B,undetermined,0.355,2.96,0,0.012,91.363,0.188,3.56,0.674,0.094,0.066,0.737,0.604,0.253,0.007,0.008,0.089,2.301,0.003,0.002,LOD,0.023,0.023
