ID,Culture,REG,LONG,LATI,FM_cultiv,PM_cultiv,SB_cultiv,FM_ext,FM_int,FM_rf,FM_irr,PM_ext,PM_int,PM_rf,PM_irr,SB_cas,SB_ext,SB_int,SB_rf,SB_dec,SB_irr,FMcycle_m,FMcycle_v,PMcycle_m,PMcycle_v,SBcycle_m,SBcycle_v,ALT_m,ALT_v,SLO_m,SLO_v,INS_m,INS_v,GHI_m,GHI_v,AI_m,AI_v,PCI_m,PCI_v,BIO1_m,BIO1_v,BIO2_m,BIO2_v,BIO3_m,BIO3_v,BIO4_m,BIO4_v,BIO5_m,BIO5_v,BIO6_m,BIO6_v,BIO7_m,BIO7_v,BIO8_m,BIO8_v,BIO9_m,BIO9_v,BIO10_m,BIO10_v,BIO11_m,BIO11_v,BIO12_m,BIO12_v,BIO13_m,BIO13_v,BIO14_m,BIO14_v,BIO15_m,BIO15_v,BIO16_m,BIO16_v,BIO17_m,BIO17_v,BIO18_m,BIO18_v,BIO19_m,BIO19_v,SOC_m,SOC_v,BD1_m,BD1_v,BD2_m,BD2_v,CLAY1_m,CLAY1_v,CLAY2_m,CLAY2_v,SILT1_m,SILT1_v,SILT2_m,SILT2_v,SAND1_m,SAND1_v,SAND2_m,SAND2_v,GRAV1_m,GRAV1_v,GRAV2_m,GRAV2_v,CEC1_m,CEC1_v,CEC2_m,CEC2_v,ECE1_m,ECE1_v,ECE2_m,ECE2_v,PH1_m,PH1_v,PH2_m,PH2_v,OC1_m,OC1_v,OC2_m,OC2_v,TK1_m,TK1_v,TK2_m,TK2_v,TN1_m,TN1_v,TN2_m,TN2_v,TP1_m,TP1_v,TP2_m,TP2_V,TS1_m,TS1_v,TS2_m,TS2_v,WC11_m,WC11_v,WC12_m,WC12_v,WC21_m,WC21_v,WC22_m,WC22_v,WC31_m,WC31_v,WC32_m,WC32_v
1,Amhara ,Eastern Africa,38.52057828,11.0371,1,1,1,1,0,1,0,1,0,1,0,0,1,0,1,0,0,134.75,467.69,134.75,467.69,194.75,467.69,1865,490853,5.48,26.96,11.43,0.32,5.9367,0.0574,0.53,0.0423,0.174290,0.000931,19.45,17.86,14.68,1.06,76.10,8.67,134.99,1430.87,29.78,25.89,9.58,15.73,20.21,2.93,19.13,20.41,18.58,18.62,21.27,20.78,17.86,153.53,1027.21,98011.24,271.73,6895.08,7.70,28.19,102.13,337.02,651.51,49597.44,32.32,408.64,183.04,6309.39,345.78,129724.19,48.56,465.35,1.31788,0.00161,1.37718,0.00169,33.66,135.01,39.97,235.77,29.63,34.27,26.28,53.41,#REF!,190.89,#REF!,303.45,5.41,14.79,6.30,39.82,0.22197,0.00442,0.21111,0.00738,0.00229088,0.00003140,0.00344750,0.00013183,6.58850,0.26505,6.61446,0.32896,1.57589,0.13129,0.58738,0.09684,1.28480,0.07109,1.44195,0.03823,0.14054,0.00102,0.06224,0.00080,0.06033,0.00027,0.04160,0.00018,0.02242,0.00318,0.07169,0.12399,34.70888,149.38992,29.34109,53.72674,32.89156,37.75632,33.76538,49.70087,19.15758,34.86844,21.00343,44.23590
2,Azande ,Central Africa,26.48140818,4.6061,1,1,1,1,0,1,0,1,0,1,0,0,1,0,1,0,0,150.00,242.69,150.00,242.69,240.00,242.69,629,6045,0.72,0.21,11.99,0.00,5.5554,0.0179,0.96,0.0264,0.109715,0.000101,24.85,0.29,11.87,0.46,72.41,20.24,76.30,409.87,33.29,1.20,17.74,0.44,15.55,2.08,24.09,0.18,25.19,0.36,25.83,0.57,23.89,2.20,1585.56,32365.09,227.61,338.17,19.34,158.89,55.02,111.41,621.40,1419.34,87.71,2423.40,267.46,9389.44,571.70,2958.18,49.40,68.70,1.29798,0.00513,1.35707,0.01039,35.32,135.89,42.94,154.76,17.17,47.41,15.16,32.88,#REF!,109.16,#REF!,111.06,3.79,21.65,4.02,23.95,0.08909,0.00037,0.06568,0.00019,0.00039440,0.00000036,0.00014735,0.00000004,5.25825,0.05716,4.95407,0.06469,1.55680,0.10215,0.61515,0.01156,0.54529,0.03174,0.60458,0.04231,0.12052,0.00045,0.05644,0.00013,0.04064,0.00003,0.02030,0.00003,0.02711,0.00002,0.03091,0.00004,35.81439,78.82669,34.23034,27.44190,31.56638,21.20173,32.99649,26.72192,20.17186,25.76409,23.32031,30.67444
3,Bagisu ,Eastern Africa,34.29815091,1.0139,1,0,1,0,1,1,0,0,0,0,0,0,0,1,1,0,0,134.75,1367.69,0,0,134.75,467.69,1540,283028,5.59,27.30,11.49,0.23,5.1591,0.1930,0.86,0.0596,0.095898,0.000003,20.56,8.76,12.76,0.26,74.96,17.92,68.66,9.68,29.09,9.35,13.73,8.33,15.35,0.20,20.42,9.59,21.27,9.10,21.53,8.97,19.72,87.72,1452.67,51227.28,200.57,813.21,41.21,51.81,38.55,8.53,510.17,5455.61,166.54,647.10,221.14,838.64,418.86,7065.80,63.38,961.51,1.05757,0.03658,1.06066,0.05023,21.50,5.25,36.78,12.51,31.98,99.21,28.28,67.65,#REF!,104.11,#REF!,24.04,3.78,1.27,2.63,1.26,0.24365,0.01347,0.19862,0.00921,0.00122752,0.00000055,0.00079563,0.00000025,5.44941,0.12777,5.35963,0.14301,5.71792,9.31685,4.14368,6.92170,0.38902,0.04238,0.45133,0.03169,0.32983,0.02761,0.22536,0.01769,0.04150,0.00001,0.02150,0.00001,0.04281,0.00011,0.03430,0.00007,37.63292,5.65427,38.36020,13.17747,37.80491,33.85032,41.45602,40.27769,19.45651,14.23053,22.41229,6.36239
4,Bambara ,Western Africa,-6.964862746,12.8745,0,1,1,0,0,0,0,1,0,1,0,0,1,0,1,0,0,0,0,119.75,842.69,179.75,842.69,331,2874,0.51,0.36,11.97,0.01,5.8570,0.0062,0.32,0.0162,0.211324,0.000757,27.20,0.14,14.47,0.67,68.10,4.30,244.69,1645.01,38.70,1.18,13.93,1.38,24.77,4.45,26.42,0.42,24.80,0.53,30.55,0.49,24.23,5.76,828.80,48054.41,248.31,1629.82,0.35,0.88,122.12,176.02,593.18,12858.35,2.12,15.78,109.00,1315.25,11.91,4368.47,19.68,10.52,1.38943,0.00320,1.46679,0.00438,18.21,51.73,26.40,106.74,27.34,113.54,22.38,108.98,#REF!,238.02,#REF!,296.10,8.23,33.41,9.74,110.89,0.11437,0.00248,0.08654,0.00224,0.00180019,0.00000067,0.00142597,0.00000270,6.45533,0.27706,6.19313,0.51223,1.38840,0.17605,0.38378,0.02627,1.35507,0.10410,1.46295,0.07753,0.10994,0.00159,0.03819,0.00031,0.04401,0.00029,0.02682,0.00016,0.00937,0.00007,0.00342,0.00004,20.88032,46.43871,22.13284,42.69409,22.66140,26.99353,23.80407,35.17556,10.52341,15.59601,12.57875,20.81958
5,Barundi,Central Africa,30.11342414,-3.4518,1,0,1,0,1,1,0,0,0,0,0,0,0,1,1,0,0,134.75,467.69,0,0,194.75,467.69,1444,140510,3.40,11.64,11.66,0.17,5.2616,0.0562,0.78,0.0449,0.120132,0.000032,20.05,5.50,11.32,0.51,71.40,39.85,55.21,300.85,27.55,6.42,12.48,6.18,15.07,2.18,19.97,5.26,19.56,5.75,20.71,5.76,19.38,57.77,1159.51,39449.83,190.99,909.21,2.66,5.62,65.88,25.57,488.74,6558.01,24.63,151.35,195.47,11345.16,158.81,13910.65,69.52,968.25,1.24278,0.01230,1.25202,0.00874,39.06,106.97,45.67,80.01,19.57,51.41,17.26,21.65,#REF!,118.93,#REF!,78.69,13.38,230.65,8.57,66.89,0.13320,0.00200,0.11375,0.00221,0.00229988,0.00039520,0.00160043,0.00019445,5.48365,0.30165,5.14384,0.33352,2.63132,2.24811,1.82336,3.40085,0.59905,0.24502,0.64713,0.27427,0.19476,0.00794,0.11984,0.00658,0.04203,0.00005,0.01587,0.00008,0.04575,0.00543,0.13615,0.22689,37.33395,6.48220,36.81613,7.75547,30.21527,11.91433,30.94094,9.40342,17.58145,6.88043,20.05264,7.12193
6,Bemba ,Southern Africa,29.10001555,-11.7262,1,1,1,1,0,1,0,1,0,1,0,0,1,0,1,0,0,240.00,242.69,150.00,242.69,224.75,467.69,1194,51762,1.16,2.25,11.85,0.02,5.8439,0.0175,0.58,0.0077,0.179587,0.000272,20.89,1.93,13.13,1.61,44.29,1.15,222.81,2871.27,31.38,2.16,8.70,6.51,22.68,8.38,22.04,1.66,17.63,3.53,23.13,2.02,17.57,33.74,1130.22,21021.16,251.01,903.95,0.02,0.02,106.43,89.06,708.04,9281.25,0.63,0.62,315.10,12970.20,3.64,35.93,39.17,41.32,1.29053,0.01001,1.37410,0.01378,26.65,61.27,35.43,94.63,22.30,46.52,19.24,40.71,#REF!,106.53,#REF!,108.73,3.66,2.83,3.05,7.26,0.12033,0.00724,0.09592,0.01206,0.00092053,0.00000077,0.00057257,0.00000093,5.56004,0.27450,5.39094,0.35270,2.27903,13.67471,1.31438,15.44289,0.54022,0.27209,0.56914,0.28265,0.16333,0.06858,0.10082,0.08525,0.04098,0.00010,0.02001,0.00010,0.02861,0.00026,0.03438,0.00028,33.27050,43.14312,31.43781,30.91483,28.68260,19.29817,30.10704,24.34772,15.18154,15.86979,17.08995,16.34612
7,Bena ,Eastern Africa,34.91299285,-9.2420,1,0,0,1,0,1,0,0,0,0,0,0,0,0,0,0,0,82.88,273.63,0,0,0,0,1589,140989,3.01,6.26,11.72,0.04,5.2751,0.2077,0.88,0.0331,0.166181,0.000104,18.30,5.69,11.07,0.23,57.74,12.30,170.95,98.79,26.56,4.49,9.41,7.21,17.15,0.41,19.37,4.91,15.79,6.25,20.06,5.76,15.74,60.91,1279.52,53071.05,274.54,1902.52,2.81,3.02,99.01,33.55,735.35,10232.98,12.26,48.76,459.91,15316.00,12.35,47.99,64.31,624.68,1.30928,0.00835,1.30954,0.00642,26.89,7.51,37.92,6.32,18.33,17.63,14.23,22.93,#REF!,35.93,#REF!,19.51,3.37,1.98,3.42,4.76,0.13327,0.00162,0.10711,0.00136,0.00026544,0.00000007,0.00012875,0.00000001,6.02262,0.05822,5.67481,0.02242,1.83248,0.53957,0.81335,0.15792,1.43293,0.01999,1.58488,0.00079,0.14500,0.00347,0.08105,0.00101,0.05998,0.00000,0.03832,0.00001,0.01857,0.00001,0.01000,0.00000,32.53430,11.90664,31.34905,10.19737,29.30544,15.37847,30.88016,14.04577,16.96556,6.29115,20.00889,5.47607
8,Central Thai,Southeast Asia,100.4723803,13.3420,0,0,1,0,0,0,0,0,0,0,0,0,0,1,0,0,1,0,0,0,0,120.00,242.69,93,19319,1.36,6.45,11.88,0.06,4.9859,0.0420,0.84,0.1276,0.130950,0.000092,27.26,0.78,9.83,0.98,54.47,0.80,148.71,1905.80,35.16,2.62,18.67,3.30,16.49,8.45,27.28,0.94,25.58,1.10,28.99,1.32,25.08,8.60,1603.51,323286.13,313.51,6815.33,12.79,188.43,74.80,67.50,774.71,64334.22,62.63,2562.07,335.62,12599.68,169.55,58979.79,57.18,1739.73,1.26639,0.00912,1.35303,0.00735,25.89,84.74,36.07,71.56,32.00,31.10,26.87,28.80,#REF!,203.88,#REF!,119.48,4.24,4.71,5.30,6.36,0.14052,0.00463,0.11426,0.00391,0.00093880,0.00000056,0.00061054,0.00000031,5.42134,0.34425,5.28366,0.52990,1.68542,0.32341,0.54766,0.04860,0.87920,0.04583,1.12771,0.03456,0.12871,0.00142,0.04769,0.00042,0.05394,0.00017,0.02988,0.00006,0.00991,0.00003,0.00506,0.00003,33.97970,10.57213,33.04383,14.47473,30.71776,21.54679,31.53942,47.04670,14.70253,34.80145,16.85759,17.97574
9,Dogon ,Western Africa,-3.19869249,14.4937,0,1,1,0,0,0,0,0,1,1,0,0,0,1,1,0,0,0,0,104.75,467.69,120.00,242.69,309,6429,0.54,1.53,11.98,0.02,5.9858,0.0018,0.16,0.0023,0.237160,0.000198,28.00,0.91,13.98,0.06,60.68,8.09,296.94,345.04,39.98,0.92,14.78,1.34,25.20,0.83,27.98,1.08,24.64,1.95,31.84,0.99,23.87,9.91,477.60,9310.08,159.06,665.98,0.00,0.00,133.82,34.44,373.69,3771.13,0.21,0.19,81.16,748.50,0.22,0.20,17.96,8.94,1.38294,0.00961,1.44384,0.01317,14.60,117.09,16.54,139.00,23.22,292.97,22.06,292.61,#REF!,681.40,#REF!,708.53,5.85,47.16,9.24,126.15,0.11304,0.00784,0.09529,0.00708,0.00182722,0.00000215,0.00157602,0.00000154,6.51167,0.21532,6.43717,0.32087,0.99497,0.52105,0.25902,0.04455,1.53989,0.08423,1.71641,0.00938,0.08662,0.00336,0.02543,0.00043,0.03767,0.00041,0.02677,0.00023,0.00627,0.00006,0.00202,0.00002,18.25053,80.31570,17.94143,98.53237,19.10707,84.56078,18.33810,92.87460,8.42288,30.09284,8.64197,37.37883
10,Fellahin ,Northern Africa,30.56837422,27.0536,0,0,1,0,0,0,0,0,0,0,0,0,0,1,0,0,1,0,0,0,0,104.75,467.69,254,40775,0.85,2.29,11.91,0.03,6.2024,0.0686,0.01,0.0003,0.364210,0.092803,21.89,5.53,14.61,4.84,57.22,2.80,573.41,3098.42,36.13,10.48,5.97,4.78,30.16,12.63,16.35,21.26,21.06,18.68,28.50,6.44,13.96,41.28,18.04,917.11,4.57,54.30,0.00,0.00,48.72,1524.85,11.29,369.19,0.01,0.01,0.11,0.15,10.62,357.49,14.13,7.24,1.38255,0.00492,1.46270,0.00384,17.14,46.32,18.03,54.94,27.95,100.10,26.35,115.24,#REF!,266.49,#REF!,290.23,9.46,25.35,8.55,99.13,0.14005,0.00192,0.12679,0.00198,0.01111891,0.00039337,0.02424030,0.00059278,7.69384,0.22387,7.77927,0.28534,0.90148,0.22271,0.20918,0.01401,1.99600,0.12961,1.78850,0.07320,0.07129,0.00113,0.02399,0.00023,0.06426,0.00039,0.05536,0.00034,0.11870,0.03598,0.10928,0.43904,20.48642,31.31058,21.32748,41.04662,21.79857,31.86814,21.45281,31.80865,9.97309,8.57971,9.92667,8.77173
11,Fon ,Western Africa,2.545272714,6.8301,0,1,1,0,0,0,0,1,0,1,0,0,1,0,1,0,0,0,0,104.75,467.69,90.00,242.69,47,1750,0.53,0.25,11.98,0.00,4.7246,0.0116,0.75,0.0070,0.120497,0.000054,27.43,0.10,8.75,1.89,56.29,1.85,127.61,59.49,34.27,1.72,21.99,0.28,12.28,2.98,27.16,0.49,28.15,0.11,28.98,0.14,25.66,0.82,1181.71,12955.43,218.49,3720.21,8.97,25.11,66.12,38.58,536.23,8233.19,56.58,161.33,242.13,161.81,342.14,591.37,38.61,35.87,1.29817,0.00185,1.39128,0.00364,17.94,106.52,26.80,147.69,25.82,125.46,22.61,95.41,#REF!,349.20,#REF!,336.02,3.93,8.39,6.71,79.94,0.13510,0.00583,0.12297,0.01069,0.00258363,0.00000956,0.00360890,0.00002670,5.71266,0.50593,5.73313,0.74041,1.34780,0.17529,0.45251,0.01208,1.44876,0.05578,1.62262,0.00154,0.09171,0.00093,0.04077,0.00010,0.05279,0.00009,0.03895,0.00006,0.03205,0.00118,0.11406,0.04558,31.84168,76.17580,31.29618,74.24045,28.06040,67.12326,29.62703,82.15506,17.14802,44.61428,19.70558,72.48895
12,Ganda ,Eastern Africa,31.92669218,0.6284,1,0,0,0,1,1,0,0,0,0,0,0,0,0,0,0,0,90.00,242.69,0,0,0,0,1163,8097,1.13,1.38,11.97,0.02,5.4096,0.0390,0.73,0.0113,0.097290,0.000008,22.00,0.46,11.44,0.21,62.97,0.34,59.25,81.94,29.38,1.34,15.51,0.53,13.87,0.39,22.04,0.56,22.14,1.41,22.77,0.63,21.20,3.39,1168.45,27973.28,165.90,862.49,38.49,138.49,40.49,16.65,416.16,4851.84,157.39,1336.33,212.14,2530.09,235.83,5470.31,54.21,241.36,1.31197,0.00756,1.35835,0.00828,25.57,8.62,37.37,17.31,25.57,61.27,22.46,31.66,#REF!,6.67,#REF!,13.11,4.48,8.28,3.59,1.53,0.13274,0.00641,0.10822,0.00418,0.00052433,0.00000019,0.00022990,0.00000005,5.32250,0.02731,5.15732,0.00584,2.24449,6.89073,1.13501,5.92328,0.57203,0.17234,0.73503,0.27077,0.13807,0.01404,0.06636,0.00760,0.04527,0.00006,0.02527,0.00006,0.02422,0.00018,0.03175,0.00031,34.93981,13.10326,33.99365,4.46134,29.82602,17.93277,30.76504,6.56491,15.73385,1.52113,19.20370,8.97638
13,Garo ,South Asia,90.46177649,25.5993,1,0,0,1,0,1,0,0,0,0,0,0,0,0,0,0,0,104.75,467.69,0,0,0,0,300,61374,3.18,8.49,11.64,0.09,4.3779,0.0046,2.42,0.6596,0.162028,0.000019,23.52,1.82,8.75,0.11,61.76,7.98,339.07,133.54,31.09,3.18,11.36,0.96,19.73,0.79,26.37,1.86,18.25,1.53,26.49,1.87,18.25,15.33,3246.43,508826.61,739.57,34962.35,1.85,1.48,96.94,7.37,1968.67,254334.85,26.04,22.08,1568.12,148530.43,26.04,22.08,35.50,19.00,1.27346,0.00014,1.40158,0.00032,19.47,0.42,33.37,19.42,34.85,17.19,28.66,27.75,#REF!,14.70,#REF!,2.36,6.38,4.67,15.97,81.27,0.12520,0.00040,0.08706,0.00038,0.00074310,0.00000015,0.00072326,0.00000013,5.18641,0.18679,5.26216,0.35520,1.72137,0.01182,0.50880,0.00675,1.16801,0.14643,1.46161,0.08661,0.12242,0.00008,0.04085,0.00001,0.06054,0.00010,0.03527,0.00002,0.01809,0.00002,0.00994,0.00000,34.59909,1.00029,33.29240,0.99093,29.88011,7.53488,29.68796,0.48407,15.89469,3.63230,20.19603,13.10812
14,Gikuyu ,Eastern Africa,36.98190098,-0.4119,1,1,1,0,1,1,0,0,1,1,0,0,0,1,1,0,0,104.75,467.69,134.75,467.69,134.75,467.69,1778,485744,2.62,6.65,11.83,0.08,5.6279,0.1276,0.68,0.1058,0.133680,0.001385,17.64,15.82,14.80,2.75,62.42,2.82,89.02,487.13,27.17,19.03,8.95,11.96,18.21,2.37,18.17,16.12,16.87,12.88,18.64,16.53,16.36,145.83,1021.50,150104.53,208.94,7059.00,24.51,299.89,72.06,748.03,443.56,33110.58,94.14,4357.66,335.43,16569.78,146.48,14229.73,72.40,1764.70,1.20034,0.04731,1.26109,0.06844,40.57,326.77,47.25,388.64,26.04,141.33,21.68,126.42,#REF!,268.55,#REF!,298.88,3.31,106.16,3.49,110.85,0.25520,0.01185,0.21794,0.00847,0.00095226,0.00047584,0.00021716,0.00000567,5.98571,0.94577,6.10429,1.04542,2.34693,1.94637,1.32679,0.88343,1.19351,0.20961,1.29159,0.19863,0.24611,0.08716,0.15354,0.13193,0.05987,0.00037,0.04220,0.00075,0.04658,0.00396,0.12445,0.07593,34.71636,84.91791,34.00836,76.72864,36.04706,97.89583,38.69932,116.78838,20.86050,45.12720,23.49482,54.26425
15,Gond ,South Asia,80.76808284,20.1737,0,0,1,0,0,0,0,0,0,0,0,0,1,0,1,0,0,0,0,0,0,194.75,467.69,487,35663,1.85,4.09,11.84,0.04,5.2027,0.0019,0.68,0.0093,0.216304,0.000350,25.43,1.72,11.98,0.32,56.54,1.87,412.15,2182.35,39.83,2.02,11.54,3.89,28.29,4.09,25.90,1.22,20.90,5.83,31.12,1.64,20.06,26.91,1400.05,25983.88,415.27,3557.76,4.37,3.78,125.42,77.84,1044.46,18672.28,18.79,60.46,225.87,2863.92,23.23,63.05,28.19,4.00,1.38729,0.00960,1.50063,0.00786,24.43,154.54,33.63,158.40,25.29,52.64,23.14,59.10,#REF!,339.58,#REF!,309.16,5.34,32.52,5.96,77.50,0.16552,0.01091,0.16603,0.01224,0.00218479,0.00000339,0.00155546,0.00000225,6.70091,0.21288,6.61048,0.36746,1.24411,0.30072,0.38034,0.01702,1.12098,0.05640,1.25152,0.03867,0.10273,0.00080,0.04144,0.00037,0.04284,0.00052,0.02849,0.00032,0.00721,0.00005,0.00174,0.00001,30.14333,72.75762,30.83005,73.20617,25.01980,57.45615,28.44883,65.77847,13.27555,39.15416,16.00287,41.36980
16,Gusii ,Eastern Africa,34.8513152,-0.7229,1,0,1,1,0,1,0,0,0,0,0,0,1,0,1,0,0,134.75,467.69,0,0,134.75,467.69,1793,31008,3.06,3.28,11.83,0.06,5.7789,0.0068,1.00,0.0068,0.091873,0.000001,18.55,1.03,14.56,0.25,65.92,30.73,72.79,19.66,27.63,1.19,10.50,0.57,17.13,0.20,18.97,0.97,18.92,1.62,19.50,0.92,17.58,10.70,1712.84,15157.31,251.97,270.76,77.59,46.02,31.83,3.85,613.64,1660.61,306.09,333.88,349.70,324.91,367.93,2178.42,77.52,1264.23,1.06207,0.02186,1.12177,0.01642,53.17,99.54,52.97,119.39,27.08,52.51,27.41,64.10,#REF!,115.62,#REF!,91.90,0.85,11.37,0.98,11.18,0.21016,0.00453,0.25621,0.01658,0.00002300,0.00000002,0.00005610,0.00000006,5.31828,0.19085,5.63391,0.15891,2.93564,0.95852,1.98311,0.32093,0.46799,0.12643,0.33165,0.00056,0.26129,0.01690,0.13507,0.00459,0.04000,0.00000,0.02174,0.00001,0.04394,0.00012,0.03337,0.00009,37.67637,4.09790,37.79931,8.83710,36.16660,13.00403,42.60245,27.92772,22.06473,10.77090,25.86174,14.77283
17,Hausa ,Western Africa,7.094076429,12.2164,0,1,1,0,0,0,0,1,0,1,0,0,1,0,1,0,0,0,0,149.75,842.69,180.00,242.69,408,18475,0.52,0.30,11.95,0.01,5.8902,0.0224,0.29,0.0142,0.223462,0.001129,26.87,1.21,14.10,0.70,65.21,7.94,261.90,2229.17,38.61,2.43,14.14,1.78,24.47,3.80,26.13,1.71,24.38,1.82,30.49,1.86,23.70,13.11,747.76,58681.92,227.74,2262.33,0.02,0.02,127.43,231.55,541.25,17907.80,0.47,1.41,112.23,1697.17,23.46,16317.77,16.22,131.47,1.38039,0.00515,1.45171,0.00602,12.86,35.82,17.57,89.76,20.54,105.40,16.57,97.60,#REF!,239.14,#REF!,318.67,5.74,23.21,6.16,59.28,0.08827,0.00187,0.06871,0.00161,0.00386166,0.00003600,0.00424405,0.00008720,6.38897,0.14518,6.14613,0.22935,0.95339,0.29938,0.26448,0.01377,1.44633,0.09092,1.59482,0.04422,0.07047,0.00106,0.02536,0.00014,0.03061,0.00015,0.01972,0.00009,0.02206,0.00272,0.11078,0.10948,18.57522,54.22689,18.17551,60.94916,18.43890,45.25384,17.68292,57.18320,7.96778,14.10780,8.57110,22.07324
18,Ila ,Southern Africa,26.40895665,-15.3870,0,1,1,0,0,0,0,1,0,1,0,0,1,0,1,0,0,0,0,164.75,842.69,194.75,467.69,1097,6811,0.52,0.23,11.91,0.00,5.9429,0.0025,0.40,0.0007,0.198069,0.000041,20.84,0.12,14.79,0.20,84.17,25.04,310.69,471.21,32.68,0.29,5.91,0.57,26.77,1.19,22.85,0.24,16.29,0.22,23.91,0.22,16.24,1.90,879.10,2742.45,227.40,105.65,0.00,0.00,116.43,10.50,626.87,705.74,0.15,0.13,325.33,4279.86,1.98,1.96,36.52,51.16,1.34807,0.00385,1.45617,0.00388,25.74,204.49,33.82,220.87,20.09,64.53,17.07,49.85,#REF!,476.17,#REF!,472.33,2.53,2.95,2.38,4.94,0.15469,0.01549,0.14451,0.01997,0.00095977,0.00000010,0.00073266,0.00000023,5.87286,0.46401,5.80570,0.80211,1.41362,0.61711,0.59931,0.49712,1.00890,0.37820,1.01212,0.34398,0.10275,0.00283,0.04739,0.00229,0.04623,0.00022,0.02811,0.00027,0.02167,0.00006,0.02187,0.00019,30.20380,78.79673,30.19315,81.11722,28.83455,54.07501,31.51832,57.88141,15.27741,51.71047,17.68215,66.72040
19,Inner Mongolia ,Central Asia,111.8308397,43.5251,0,0,1,0,0,0,0,0,0,0,0,0,0,1,1,0,0,0,0,0,0,164.75,467.69,1079,118359,1.26,2.48,11.88,0.05,4.4234,0.1343,0.21,0.0253,0.186461,0.000167,3.63,16.03,13.63,0.81,56.94,3.24,1317.99,21913.36,27.65,8.19,-22.55,33.85,50.20,15.27,19.45,6.98,-13.55,33.88,19.75,7.45,-14.24,341.33,253.70,19978.89,74.55,1828.34,1.67,1.71,106.62,65.39,173.80,9892.40,6.23,18.61,172.76,9897.51,6.24,18.69,41.34,414.23,1.28105,0.01053,1.39941,0.01853,14.36,46.60,15.83,56.04,36.12,227.29,35.09,169.71,#REF!,418.06,#REF!,367.94,10.82,156.49,14.18,130.34,0.11888,0.00608,0.10549,0.00343,0.02058443,0.00060939,0.03125890,0.00159018,7.96818,0.69539,8.06172,0.73206,1.22778,2.27561,0.55838,0.22122,1.95182,0.05207,1.93396,0.04743,0.11152,0.01514,0.05525,0.00166,0.06113,0.00062,0.04834,0.00022,0.17246,0.05907,0.88896,1.45213,25.89330,56.68788,26.76300,59.97071,24.14733,46.14786,24.44396,44.56640,12.21797,21.04822,11.56729,18.28028
20,Iran ,Middle East,54.48472388,31.5568,0,0,1,0,0,0,0,0,0,0,0,0,0,1,0,0,1,0,0,0,0,119.75,842.69,785,392844,2.17,13.16,11.81,0.12,5.6041,0.0496,0.08,0.0010,0.165469,0.000577,20.79,13.76,14.53,3.68,51.76,15.73,808.14,11384.78,39.71,13.63,2.85,23.98,36.86,24.02,12.74,11.86,30.53,12.62,30.88,10.77,10.06,187.25,160.94,5027.58,37.49,336.29,0.16,0.26,93.77,205.51,95.42,1974.98,1.33,6.04,1.54,7.24,88.67,2305.95,11.61,48.13,1.33379,0.00556,1.41648,0.00394,24.78,74.64,27.59,99.34,38.35,41.82,37.01,46.02,#REF!,145.26,#REF!,189.24,7.41,13.82,8.55,24.98,0.17327,0.00146,0.17416,0.00219,0.05999790,0.00348265,0.05695026,0.00384158,7.92619,0.02640,8.02141,0.03066,0.82232,0.13991,0.28435,0.06535,1.34817,0.49185,1.19612,0.44590,0.07462,0.00050,0.02623,0.00030,0.04279,0.00071,0.03662,0.00041,0.44079,0.19006,1.44042,6.34889,27.89741,14.85557,29.43838,11.69215,25.43022,7.46068,26.15334,12.90627,12.64435,4.26257,12.27182,7.51878
21,Kaffa ,Eastern Africa,36.07399657,7.2309,1,0,1,0,1,1,0,0,0,0,0,0,0,1,1,0,0,164.75,467.69,0,0,120.00,242.69,1757,286989,5.86,22.28,11.53,0.15,5.1739,0.0950,1.03,0.0130,0.103294,0.000021,19.21,7.56,13.79,0.91,81.96,1.17,74.10,54.14,28.06,10.50,11.26,6.63,16.80,1.67,18.62,8.88,19.48,8.04,20.20,7.86,18.31,78.09,1753.45,50122.12,234.03,1097.20,40.06,51.79,48.46,29.27,672.21,11005.05,150.60,715.98,364.87,18522.73,660.29,12857.43,113.01,1178.07,1.33847,0.00178,1.39156,0.00166,31.08,79.69,40.81,132.78,33.35,14.24,28.06,27.58,#REF!,38.60,#REF!,54.89,7.49,3.35,4.82,0.75,0.20513,0.00136,0.20766,0.00125,0.00451098,0.00009060,0.00595543,0.00030450,6.52182,0.09879,6.40515,0.14901,1.97429,0.56077,0.89482,1.07298,0.91479,0.00333,1.22185,0.00050,0.15652,0.00338,0.08407,0.00536,0.06993,0.00000,0.04993,0.00000,0.01711,0.00005,0.01012,0.00073,29.91460,115.22746,28.70777,46.87282,33.38529,2.97315,35.13596,4.40248,17.63705,9.40414,19.55858,13.16981
22,Kanuri ,Western Africa,12.13462129,13.0616,0,1,1,0,0,0,0,1,0,1,0,0,1,0,1,0,0,0,0,134.75,467.69,179.75,842.69,362,5851,0.29,0.34,11.98,0.01,6.0433,0.0115,0.14,0.0090,0.287755,0.002340,26.82,0.94,15.00,0.17,80.63,11.61,308.87,1999.71,39.22,1.21,12.78,0.97,26.44,1.39,27.10,2.49,24.20,0.78,30.67,1.42,22.49,6.85,409.71,48891.62,153.59,3239.36,0.00,0.00,152.08,314.99,329.12,21586.63,0.00,0.00,55.54,1590.72,2.52,1446.93,15.53,123.48,1.42560,0.00635,1.47293,0.00558,12.25,107.65,14.63,144.66,17.61,166.74,16.10,145.11,#REF!,485.47,#REF!,520.05,3.03,20.69,3.75,57.23,0.08799,0.00610,0.08338,0.00631,0.01122937,0.00036169,0.01463517,0.00053291,6.43177,0.12887,6.43482,0.22589,0.58700,0.34202,0.19326,0.02968,1.56641,0.06740,1.62926,0.05934,0.05097,0.00194,0.01942,0.00023,0.02480,0.00021,0.01491,0.00011,0.06327,0.01470,0.36458,0.49445,19.33165,88.92013,18.94554,115.71533,17.88977,79.22391,17.12729,95.21288,7.19714,26.84973,7.57353,35.05588
23,Kapsiki,Western Africa,13.67683313,10.5660,0,1,1,0,0,0,0,0,1,1,0,0,0,1,1,0,0,0,0,104.75,467.69,134.75,467.69,695,30679,2.72,7.25,11.74,0.06,5.9431,0.0019,0.39,0.0013,0.198040,0.000061,24.89,1.44,13.80,0.05,61.08,2.38,188.69,26.85,36.27,1.78,14.65,1.56,21.62,0.21,23.29,1.32,23.51,1.37,27.77,1.57,23.24,12.55,923.40,2574.04,270.65,87.23,0.00,0.00,116.44,15.61,634.95,505.12,0.88,0.38,117.63,276.38,474.65,78560.45,29.74,497.53,1.40181,0.00393,1.47432,0.00379,21.25,104.44,26.74,155.40,30.80,113.58,28.69,109.22,#REF!,338.97,#REF!,375.56,7.15,24.83,13.28,86.96,0.15647,0.00611,0.15638,0.00761,0.00153931,0.00001340,0.00165511,0.00004080,6.53199,0.10248,6.52389,0.11527,1.11455,0.23571,0.42005,0.02552,1.57710,0.00857,1.64486,0.00768,0.10478,0.00114,0.04244,0.00027,0.04752,0.00014,0.02894,0.00007,0.00996,0.00126,0.01836,0.04801,25.20323,60.62011,24.63739,76.65403,28.53635,63.86061,28.39398,73.91822,11.95489,25.51031,14.48356,38.61266
24,Katab ,Western Africa,7.816085374,9.7008,0,1,1,0,0,0,0,1,0,1,0,0,1,0,1,0,0,0,0,134.75,467.69,164.75,467.69,664,15578,1.15,1.14,11.83,0.01,5.4727,0.0154,0.68,0.0018,0.159648,0.000016,24.85,0.43,11.98,0.05,47.72,5.03,153.55,11.82,34.36,0.61,15.49,0.68,18.88,0.18,23.36,0.34,24.18,0.75,27.16,0.40,23.35,3.41,1411.17,4416.76,311.37,320.55,0.20,0.16,95.22,6.06,846.35,1423.99,7.88,5.30,242.80,1642.21,804.03,36780.99,34.64,472.64,1.41135,0.00518,1.47626,0.00367,19.56,6.28,26.52,24.45,29.32,26.70,25.27,40.51,#REF!,45.52,#REF!,53.51,9.89,10.11,14.08,31.71,0.12004,0.00054,0.09090,0.00083,0.00239360,0.00000206,0.00171836,0.00000210,6.56172,0.11417,6.20882,0.27658,1.59426,0.10816,0.28939,0.02874,1.41896,0.13906,1.49061,0.15401,0.10866,0.00020,0.02905,0.00029,0.04780,0.00004,0.02890,0.00001,0.00750,0.00002,0.00000,0.00000,22.63799,12.26883,23.48028,4.21573,20.63396,8.07306,23.47944,5.67967,10.32188,1.53541,11.72805,1.39974
25,Khasi ,South Asia,91.96173507,25.5116,1,0,0,1,0,1,0,0,0,0,0,0,0,0,0,0,0,104.75,467.69,0,0,0,0,892,200835,5.24,21.50,11.50,0.25,4.3433,0.0112,2.98,1.5285,0.163534,0.000130,19.98,5.64,8.66,0.57,43.70,5.42,361.97,400.03,26.88,6.76,7.88,4.00,19.00,1.42,23.51,5.39,14.47,5.55,23.60,5.64,14.47,55.51,4160.65,2431992.38,1017.50,165567.78,7.05,2.35,97.67,51.51,2599.60,1280179.67,42.13,60.05,2166.56,717660.68,42.13,60.05,37.21,21.37,1.24786,0.00272,1.34356,0.00366,23.70,48.28,36.91,22.44,31.38,2.85,25.47,4.09,#REF!,82.50,#REF!,27.22,5.07,3.02,7.80,26.54,0.11759,0.00247,0.08584,0.00256,0.00027942,0.00000007,0.00027621,0.00000006,4.94992,0.02912,4.90058,0.05347,1.93434,0.59584,0.80061,0.64724,0.73863,0.01662,1.07355,0.02831,0.14722,0.00180,0.05364,0.00092,0.05467,0.00011,0.03164,0.00003,0.01276,0.00006,0.01060,0.00001,35.09876,3.01222,33.12606,3.40193,30.54772,8.64987,31.08355,21.61529,14.47520,17.48379,18.52643,6.10650
26,Konso ,Eastern Africa,37.37940182,5.3599,1,0,1,0,1,1,0,0,0,0,0,0,0,1,1,0,0,149.75,842.69,0,0,239.75,2042.69,1176,106168,4.26,12.57,11.70,0.12,5.5714,0.0125,0.30,0.0048,0.110520,0.000017,23.16,2.84,11.20,0.11,52.85,8.80,113.92,125.95,31.78,2.39,16.95,2.57,14.83,0.10,23.60,2.85,24.13,2.37,24.72,2.56,21.73,33.96,563.61,20750.80,98.98,392.20,15.34,14.60,56.28,17.53,234.14,3043.60,62.17,221.74,99.89,739.82,85.50,994.92,43.96,76.46,1.28482,0.03759,1.35889,0.05190,23.53,6.65,25.66,19.09,34.11,53.14,34.52,41.41,#REF!,29.18,#REF!,8.62,6.61,11.00,1.88,3.29,0.23254,0.00183,0.22833,0.00004,0.00251352,0.00000092,0.00114049,0.00000001,7.26867,0.71260,7.43137,0.51349,2.48546,4.47547,0.79187,0.62210,1.84217,0.78874,1.62818,0.46463,0.17706,0.00663,0.09262,0.00198,0.08627,0.00019,0.08170,0.00019,0.02489,0.00007,0.01000,0.00000,31.63650,13.92573,34.39428,6.68099,29.06889,64.26285,28.14328,57.96444,16.22939,45.65484,14.35801,25.62875
27,Korea ,East Asia,127.7546413,39.2231,0,0,1,0,0,0,0,0,0,0,0,0,0,1,1,0,0,0,0,0,0,134.75,467.69,465,193669,5.39,17.98,11.34,0.36,3.8865,0.0184,1.02,0.0460,0.149140,0.000309,7.34,17.72,11.06,1.31,57.30,4.39,1061.47,19564.86,26.36,8.47,-14.40,45.56,40.76,23.49,20.17,9.26,-6.91,38.00,20.39,9.67,-7.02,358.42,1066.73,80742.59,258.77,5831.46,18.21,90.04,87.42,150.79,617.46,25684.06,63.73,1120.38,606.46,23006.07,63.83,1131.44,106.58,1243.96,1.23697,0.00952,1.33303,0.00943,20.71,10.06,21.66,34.43,39.04,21.02,39.11,31.62,#REF!,18.67,#REF!,21.71,10.62,32.52,16.10,74.19,0.18339,0.00491,0.15405,0.00538,0.00340630,0.00000386,0.00289244,0.00000289,6.43582,0.37873,6.46355,0.39763,2.45487,8.43017,0.52028,8.44060,1.38830,0.21228,1.60589,0.14369,0.17905,0.04238,0.04463,0.04634,0.07242,0.00043,0.04125,0.00031,0.00623,0.00026,0.00832,0.00345,35.33134,11.46448,34.70899,12.16821,29.32361,7.68208,29.06149,4.85534,13.34908,7.10807,13.58897,4.63586
28,Lepcha ,Central Asia,88.2347347,27.3350,1,0,0,1,0,1,0,0,0,0,0,0,0,0,0,0,0,134.75,467.69,0,0,0,0,1912,707937,17.85,50.51,10.82,0.38,3.5593,0.0844,1.62,0.0951,0.171161,0.000190,14.45,21.31,8.84,1.40,59.45,26.65,405.16,1364.84,22.40,13.83,2.92,31.06,19.49,4.85,18.79,15.75,9.55,23.85,18.79,15.75,8.54,241.54,2139.78,291601.22,554.59,25685.05,5.97,2.61,101.97,73.62,1386.93,154509.00,39.78,32.46,1386.82,154522.90,44.54,72.21,42.41,15.30,1.22271,0.00137,1.28969,0.00196,19.42,0.87,23.43,6.22,37.65,0.55,33.79,3.48,#REF!,0.22,#REF!,0.25,9.53,2.95,18.95,7.83,0.14548,0.00076,0.10786,0.00143,0.00140123,0.00000078,0.00131631,0.00000056,5.24132,0.08929,5.17174,0.13729,2.28671,0.12064,0.46129,0.05393,1.31265,0.00179,1.57500,0.00083,0.18665,0.00120,0.04258,0.00038,0.06000,0.00000,0.03971,0.00000,0.01649,0.00006,0.00837,0.00001,35.92615,0.21642,36.68923,0.95412,29.93846,3.81747,29.91385,3.64126,13.40000,0.71495,15.91077,0.37723
29,Lozi ,Southern Africa,23.25331698,-15.9332,1,1,1,1,0,1,0,1,0,1,0,0,0,1,0,1,0,164.75,467.69,134.75,467.69,104.75,467.69,1045,1534,0.25,0.10,11.95,0.00,6.0108,0.0025,0.36,0.0036,0.183922,0.000016,22.06,0.31,15.58,0.32,47.99,22.94,292.43,874.12,34.29,0.34,7.15,1.41,27.14,0.94,23.84,0.19,17.75,0.77,24.86,0.30,17.71,7.14,839.93,13810.57,195.03,509.72,0.00,0.00,108.98,4.74,555.17,3864.44,0.53,0.26,219.71,5963.67,2.78,2.52,28.66,33.06,1.31546,0.00832,1.46407,0.00252,11.76,41.77,14.83,63.69,17.23,50.82,15.12,37.86,#REF!,167.11,#REF!,182.88,2.60,5.61,4.51,26.38,0.11865,0.00342,0.11359,0.00389,0.00141881,0.00000712,0.00112539,0.00000015,5.70394,0.37197,5.96973,0.30224,2.16430,2.80937,1.53598,2.77756,1.48076,0.01731,1.59754,0.00551,0.12566,0.00624,0.07043,0.00330,0.04842,0.00015,0.02597,0.00007,0.01390,0.00003,0.00768,0.00006,27.31335,45.40701,26.54645,55.48876,24.73537,74.42778,22.42591,66.75185,9.00084,11.51856,7.77126,14.08226
30,Manchu ,East Asia,126.5343307,44.4802,0,0,1,0,0,0,0,0,0,0,0,0,0,1,1,0,0,0,0,0,0,134.75,467.69,167,9580,1.49,3.87,11.89,0.04,3.8011,0.0119,0.57,0.0098,0.168411,0.000080,4.60,7.95,11.40,1.61,41.94,2.44,1367.18,23968.25,27.40,0.58,-22.37,31.83,49.77,28.66,21.02,1.25,-14.14,25.57,21.08,1.46,-14.25,252.33,634.02,14787.86,165.90,1381.97,5.55,5.03,99.81,28.39,401.06,5617.68,19.91,51.50,400.86,5610.02,19.91,51.50,63.33,446.71,1.22527,0.00880,1.37024,0.00727,19.44,19.89,20.93,25.17,45.23,34.55,43.21,41.14,#REF!,89.08,#REF!,80.11,10.32,50.29,15.45,137.16,0.22274,0.00360,0.19398,0.00277,0.00877708,0.00006540,0.00647092,0.00003580,6.68109,0.43936,6.78563,0.50989,2.17568,1.40234,0.76310,0.12281,1.99995,0.09180,2.02567,0.07043,0.19082,0.00759,0.07186,0.00084,0.06620,0.00058,0.04567,0.00026,0.05973,0.00390,0.31225,0.14349,34.02132,8.70625,33.24848,14.62183,32.91687,14.94395,32.32578,10.38415,16.33733,6.89741,16.34048,4.72519
31,Miao ,East Asia,105.6269163,24.0355,0,0,1,0,0,0,0,0,0,0,0,0,1,0,1,0,0,0,0,0,0,134.75,467.69,959,219529,7.86,26.25,11.41,0.23,3.5092,0.3738,1.14,0.0448,0.133349,0.000423,17.68,10.05,9.04,1.98,26.78,5.80,521.98,39307.92,28.90,8.23,4.81,16.69,24.09,18.42,22.61,5.12,10.66,28.81,23.75,5.36,10.39,277.30,1400.63,77647.77,279.71,8576.58,17.91,149.78,75.37,266.06,736.35,47933.72,69.25,1414.75,665.64,45012.21,72.82,1323.48,56.24,360.25,1.20822,0.00606,1.31086,0.00444,29.29,73.85,36.22,70.47,37.87,53.32,34.17,95.07,#REF!,128.04,#REF!,90.38,8.36,45.56,8.31,41.67,0.13610,0.00208,0.10556,0.00202,0.00172781,0.00000106,0.00043373,0.00000108,5.63684,0.59413,5.48576,0.81458,2.14833,0.45391,0.78907,0.08989,1.17491,0.23047,1.39580,0.20219,0.17565,0.00291,0.07134,0.00082,0.05642,0.00033,0.03317,0.00012,0.01325,0.00004,0.00907,0.00001,32.36827,5.93060,31.70615,7.73831,28.95020,3.48908,37.65793,41.91474,14.34605,4.57879,18.18719,5.38128
32,Mossi ,Western Africa,-1.116824411,11.5945,0,1,1,0,0,0,0,0,1,1,0,0,0,1,1,0,0,0,0,134.75,467.69,164.75,1367.69,266,4905,0.52,0.21,11.95,0.00,5.7032,0.0547,0.35,0.0187,0.183509,0.000943,28.00,0.14,12.88,1.08,60.08,36.39,204.26,1462.54,38.43,1.20,17.63,2.34,20.80,6.40,26.41,0.52,26.68,1.36,30.87,0.58,25.67,1.68,833.58,47116.66,214.64,648.49,0.68,1.22,107.31,291.35,526.33,5676.13,5.64,40.61,103.74,1054.22,277.57,86960.82,25.05,27.67,1.38689,0.01298,1.44877,0.01931,17.64,73.33,23.29,114.15,25.54,95.33,21.20,109.59,#REF!,260.74,#REF!,336.02,8.58,21.17,12.34,68.10,0.12306,0.00418,0.09826,0.00535,0.00202743,0.00000111,0.00132165,0.00000083,6.62685,0.09741,6.37168,0.20827,1.21127,0.18727,0.31657,0.01840,1.24966,0.11761,1.46769,0.06210,0.09234,0.00074,0.02861,0.00016,0.03973,0.00027,0.02814,0.00012,0.00690,0.00004,0.00127,0.00001,21.14619,46.95359,21.59041,45.41528,20.96447,46.62091,22.40578,62.07248,9.96728,18.40037,11.08297,23.59787
33,Ngibelai Turkana,Eastern Africa,35.51071564,3.3158,0,0,1,0,0,0,0,0,0,0,0,1,0,0,1,0,0,0,0,0,0,104.75,467.69,642,51791,1.49,5.74,11.90,0.05,6.1647,0.0618,0.18,0.0061,0.125618,0.000175,26.91,3.22,12.61,1.77,46.84,1.62,72.25,143.77,35.17,2.30,19.86,4.88,15.31,1.16,27.36,3.02,26.95,2.81,27.86,3.11,25.98,34.76,336.86,10618.48,75.74,184.02,6.44,11.73,68.80,117.06,156.33,1372.46,35.74,170.43,93.56,901.38,69.01,1792.40,27.56,501.24,1.44728,0.01771,1.49446,0.01676,18.95,102.60,23.47,136.45,23.07,217.09,19.57,107.20,#REF!,419.02,#REF!,386.52,16.13,511.12,14.99,554.71,0.21711,0.02484,0.19818,0.01311,0.00501742,0.00091451,0.01889833,0.00088858,7.97546,0.39310,7.84676,0.57735,0.73253,0.66473,0.39183,0.50497,1.57875,0.08626,1.51878,0.09337,0.07852,0.00325,0.04962,0.00265,0.05343,0.00018,0.03753,0.00014,0.06439,0.02537,0.10473,0.06643,31.58977,104.03880,28.67992,64.56224,25.13617,48.62077,23.95090,67.03245,10.45504,17.06878,11.62220,24.38220
34,Ngikebotok Turkana,Eastern Africa,35.51071564,3.3158,0,0,1,0,0,0,0,0,0,0,0,0,0,1,0,1,0,0,0,0,0,82.88,273.63,642,51791,1.49,5.74,11.90,0.05,6.1647,0.0618,0.18,0.0061,0.125618,0.000175,26.91,3.22,12.61,1.77,22.41,1.72,72.25,143.77,35.17,2.30,19.86,4.88,15.31,1.16,27.36,3.02,26.95,2.81,27.86,3.11,25.98,34.76,336.86,10618.48,75.74,184.02,6.44,11.73,68.80,117.06,156.33,1372.46,35.74,170.43,93.56,901.38,69.01,1792.40,27.56,501.24,1.44728,0.01771,1.49446,0.01676,18.95,102.60,23.47,136.45,23.07,217.09,19.57,107.20,#REF!,419.02,#REF!,386.52,16.13,511.12,14.99,554.71,0.21711,0.02484,0.19818,0.01311,0.00501742,0.00091451,0.01889833,0.00088858,7.97546,0.39310,7.84676,0.57735,0.73253,0.66473,0.39183,0.50497,1.57875,0.08626,1.51878,0.09337,0.07852,0.00325,0.04962,0.00265,0.05343,0.00018,0.03753,0.00014,0.06439,0.02537,0.10473,0.06643,31.58977,104.03880,28.67992,64.56224,25.13617,48.62077,23.95090,67.03245,10.45504,17.06878,11.62220,24.38220
35,Northern Tuareg ,Northern Africa,6.737201362,24.0865,0,0,1,0,0,0,0,0,0,0,0,1,0,0,1,0,0,0,0,0,0,134.75,467.69,766,98365,1.21,3.09,11.85,0.05,6.2677,0.0247,0.01,0.0000,0.184761,0.013236,24.32,3.81,15.12,0.55,26.75,3.88,680.88,5282.79,40.32,4.76,6.02,6.12,34.29,6.61,24.63,63.19,24.34,42.29,32.29,3.34,14.89,58.75,23.96,136.49,7.09,48.92,0.26,0.33,73.63,2336.44,13.63,134.65,2.02,4.62,7.78,49.74,4.01,11.74,12.71,5.00,1.40460,0.01197,1.42561,0.01085,16.36,27.22,16.67,27.73,34.92,127.89,34.92,129.96,#REF!,260.11,#REF!,279.44,6.54,76.92,7.55,113.74,0.13677,0.00216,0.13187,0.00212,0.01261944,0.00008410,0.01282881,0.00015718,7.69715,0.20478,7.74442,0.25998,0.34446,0.38687,0.09653,0.01443,2.31484,0.13032,2.03612,0.03722,0.03054,0.00147,0.00892,0.00011,0.07188,0.00066,0.06842,0.00086,0.01837,0.00315,0.06334,0.10997,24.03314,25.77266,25.46337,43.93612,20.60019,16.19306,20.26919,17.70876,8.55336,5.83625,8.57623,5.19210
36,Nuba ,Eastern Africa,28.49072269,12.4475,1,0,1,1,0,1,0,0,0,0,0,0,1,0,1,0,0,104.75,467.69,0,0,134.75,467.69,670,29336,0.83,1.81,11.93,0.02,6.1963,0.0213,0.17,0.0034,0.232767,0.002562,26.37,1.02,15.22,1.47,38.81,128.47,244.63,3587.01,38.31,0.93,13.56,5.19,24.74,5.49,26.48,0.88,23.88,2.66,29.45,0.75,22.99,33.07,474.00,21730.78,141.60,514.97,0.01,0.01,130.03,381.06,350.33,6964.56,0.06,0.14,88.27,1306.70,0.06,0.14,15.63,30.54,1.43379,0.02050,1.51899,0.02667,26.14,240.04,28.41,312.10,28.42,157.71,27.90,172.72,#REF!,647.90,#REF!,690.87,6.17,34.29,8.55,85.10,0.20926,0.01369,0.20698,0.01511,0.00277652,0.00000228,0.00277689,0.00000131,7.07754,0.24016,7.15174,0.36274,1.12367,0.50712,0.22835,0.04219,1.74546,0.00524,1.70328,0.00770,0.09018,0.00204,0.02382,0.00071,0.04756,0.00040,0.03416,0.00027,0.00642,0.00006,0.00430,0.00002,29.59664,125.07777,30.08005,151.60222,27.75031,108.68555,28.03505,120.27275,14.58192,50.09855,16.23642,80.02312
37,Nuer ,Eastern Africa,31.74938085,8.2489,0,0,1,0,0,0,0,0,0,0,0,0,1,0,1,0,0,0,0,0,0,104.75,467.69,408,204,0.07,0.01,11.99,0.00,5.4972,0.0167,0.40,0.0014,0.155736,0.000090,27.56,0.08,12.97,0.15,44.77,2.96,129.70,224.79,37.85,0.59,18.93,0.39,18.92,0.22,26.10,0.05,27.52,0.22,29.42,0.23,26.07,0.44,849.77,2820.56,180.88,129.98,0.56,1.00,92.30,38.06,481.30,728.35,3.08,15.16,89.25,1606.72,476.08,647.95,40.95,58.75,1.37458,0.01392,1.46000,0.02267,36.37,84.37,40.24,91.73,32.99,24.69,29.55,23.20,#REF!,121.22,#REF!,110.26,1.70,3.62,2.02,6.94,0.35178,0.01109,0.36986,0.01538,0.00158202,0.00000019,0.00165681,0.00000028,6.93749,0.21159,7.12126,0.29242,5.10718,7.56294,4.64267,8.02691,1.72116,0.01572,1.69229,0.00965,0.37764,0.03886,0.35439,0.04531,0.06780,0.00007,0.04770,0.00005,0.03089,0.00028,0.02298,0.00027,35.36714,19.95940,38.04184,30.22542,34.37317,19.65803,34.72025,24.54779,21.91251,22.79005,23.35563,21.58272
38,Nupe ,Western Africa,6.508787366,9.3604,0,1,1,0,0,0,0,0,1,1,0,0,0,1,1,0,0,0,0,149.75,2042.69,209.75,842.69,297,38569,1.08,1.03,11.84,0.01,5.3030,0.0412,0.61,0.0047,0.155318,0.000167,26.78,1.08,11.83,0.58,43.86,0.41,161.10,248.78,36.41,1.16,17.56,3.42,18.84,2.74,25.14,0.75,26.41,2.12,29.19,0.96,25.10,8.59,1209.09,2912.39,257.41,423.60,0.91,2.13,92.06,70.95,690.24,4902.37,8.20,45.55,139.51,2162.26,579.63,62360.78,29.68,518.30,1.36763,0.01108,1.44053,0.00845,16.84,10.13,26.44,42.44,28.46,43.93,24.32,66.03,#REF!,79.27,#REF!,107.43,9.04,37.28,14.10,153.71,0.11166,0.00112,0.08407,0.00083,0.00209014,0.00000246,0.00138321,0.00000202,6.24377,0.49741,5.86722,0.84962,1.44940,0.23396,0.38062,0.01935,1.34921,0.06485,1.44412,0.04702,0.10169,0.00062,0.03531,0.00019,0.03928,0.00018,0.02327,0.00007,0.01251,0.00010,0.00541,0.00005,25.98864,43.75769,26.47849,41.34067,23.24218,20.88263,26.06160,27.13872,11.58341,11.80752,13.60270,26.87774
39,Nyakyusa,Eastern Africa,33.6827767,-9.4388,1,0,1,0,1,1,0,0,0,0,0,0,0,1,1,0,0,104.75,467.69,0,0,150.00,242.69,1153,299016,4.68,16.12,11.65,0.08,5.3303,0.1418,1.07,0.0200,0.150080,0.000139,21.18,9.37,10.51,0.15,41.65,0.25,161.65,83.91,29.35,8.17,12.59,10.49,16.76,0.29,21.39,7.98,20.90,12.79,23.06,9.83,18.78,89.71,1968.89,87374.18,472.21,18611.14,10.34,26.95,88.86,60.47,1084.13,51981.38,43.60,289.07,384.15,7437.96,110.05,2479.38,62.32,400.90,1.27044,0.01181,1.27824,0.01484,26.56,25.57,32.90,83.01,28.18,39.13,25.26,79.01,#REF!,72.91,#REF!,76.54,7.36,61.91,8.29,92.17,0.20292,0.01082,0.15655,0.00916,0.00299409,0.00004380,0.00447265,0.00014315,6.15911,0.18210,6.05956,0.29105,2.21277,1.27710,1.09281,0.76537,0.87705,0.37195,0.88930,0.34960,0.16496,0.00428,0.08633,0.00270,0.08437,0.00077,0.07706,0.00120,0.02968,0.00038,0.02338,0.00026,29.10566,26.10004,31.36481,34.58783,31.84790,59.62398,32.94068,52.36937,16.43663,11.20360,16.50509,22.83815
40,Pashtun,Central Asia,66.72900426,32.7960,1,0,0,0,1,0,1,0,0,0,0,0,0,0,0,0,0,104.75,467.69,0,0,0,0,1470,600045,4.35,27.02,11.50,0.37,5.5668,0.1615,0.16,0.0172,0.156844,0.000963,15.33,28.61,15.17,3.53,45.00,2.37,865.10,3760.71,35.24,30.41,-4.40,34.63,39.64,9.86,9.29,87.19,21.82,49.09,26.21,27.10,3.76,332.91,289.35,37364.53,61.28,1088.72,3.05,35.13,88.31,372.50,153.58,7050.67,14.30,572.90,45.41,5075.30,111.01,2672.57,22.30,123.28,1.33506,0.00429,1.42191,0.00645,19.22,18.20,20.05,24.53,38.29,25.42,38.77,25.01,#REF!,55.13,#REF!,51.08,8.59,14.17,10.77,61.08,0.16625,0.00053,0.15801,0.00066,0.01507713,0.00060675,0.01550815,0.00016989,7.74447,0.27879,7.78219,0.27546,1.14714,0.34088,0.13399,0.02446,1.89680,0.18179,1.69914,0.10990,0.09203,0.00151,0.01911,0.00114,0.05797,0.00033,0.05376,0.00044,0.08557,0.02513,0.28843,0.26122,26.86668,12.37539,27.41422,15.97586,23.73524,6.14141,23.45984,8.12880,10.90150,2.76105,10.40498,3.93335
41,Rwandans ,Central Africa,29.31283711,-2.2957,1,0,1,0,1,1,0,0,0,0,0,0,0,1,1,0,0,70.00,95.55,0,0,150.00,242.69,1625,204081,4.81,15.45,11.55,0.23,4.9946,0.0733,1.04,0.1065,0.102345,0.000052,19.14,6.67,10.97,0.83,38.96,2.65,31.69,44.02,25.64,8.71,12.68,5.07,12.96,0.83,19.09,6.46,18.88,6.69,19.47,6.88,18.76,67.70,1362.64,98187.99,187.80,1378.75,22.00,232.10,46.51,94.60,492.31,12052.56,108.69,3556.26,286.45,11309.63,223.80,10014.49,85.76,1586.82,1.14903,0.01833,1.22133,0.02687,36.45,122.26,38.45,131.27,25.43,73.07,24.90,99.88,#REF!,147.17,#REF!,145.01,3.37,56.22,4.54,72.62,0.18763,0.00983,0.13949,0.01260,0.00076591,0.00004320,0.00042598,0.00002040,5.16628,0.38300,5.05843,0.43614,4.52808,7.56243,2.26508,8.42977,0.68363,0.16680,0.75044,0.17636,0.34749,0.06282,0.16392,0.05275,0.06501,0.00060,0.04587,0.00102,0.03860,0.00357,0.08952,0.14651,35.31655,18.23176,35.53310,21.38393,37.35102,63.33962,36.94721,41.44835,20.73408,27.72841,23.05680,29.96527
42,Santal ,South Asia,87.41364343,24.6047,0,0,1,0,0,0,0,0,0,0,0,0,0,1,1,0,0,0,0,0,0,194.75,467.69,128,6327,1.17,2.22,11.89,0.01,4.7380,0.0071,0.72,0.0014,0.181821,0.000016,25.41,0.25,11.35,0.02,37.72,10.29,461.14,168.14,37.12,0.63,10.16,0.55,26.96,0.13,28.52,0.20,18.71,0.57,30.05,0.43,18.49,4.16,1324.42,12860.45,328.94,703.58,1.04,0.80,108.15,4.86,865.78,5314.64,26.30,17.82,336.38,10154.51,26.72,19.64,25.48,1.70,1.40103,0.00358,1.45331,0.00402,21.93,44.02,30.33,60.73,36.81,180.09,33.00,175.37,#REF!,285.38,#REF!,229.26,3.96,14.40,2.76,7.29,0.11700,0.00104,0.13057,0.00166,0.00217634,0.00001230,0.00341996,0.00005940,6.79578,1.10675,6.79439,1.07317,0.96378,0.31205,0.36782,0.02387,1.26477,0.04645,1.44612,0.04490,0.11217,0.00116,0.04587,0.00008,0.04341,0.00023,0.02529,0.00004,0.01469,0.00004,0.00540,0.00002,26.73076,60.48648,26.74600,44.52101,28.59844,22.37107,29.08909,24.17261,13.08561,10.82134,15.49187,9.84192
43,Sherpa ,Central Asia,86.46104977,27.9153,1,0,0,1,0,1,0,0,0,0,0,0,0,0,0,0,0,104.75,467.69,0,0,0,0,4462,1362952,17.39,73.02,10.43,1.18,4.3960,0.4278,0.76,0.1480,0.193520,0.000152,1.17,32.00,12.75,2.53,81.64,5.79,515.65,3390.78,12.85,17.45,-14.08,51.17,26.93,10.57,7.10,24.47,-4.65,35.68,7.45,22.72,-5.66,371.52,740.85,352129.94,202.10,21580.82,2.79,4.95,113.30,36.32,500.39,150805.93,19.61,88.49,493.86,153717.76,26.77,121.59,94.07,3341.35,1.17265,0.00179,1.27962,0.01856,18.05,16.31,18.37,12.60,37.23,5.91,37.12,8.17,#REF!,15.51,#REF!,19.84,15.64,59.93,16.86,39.00,0.17422,0.00219,0.15145,0.00287,0.00327314,0.00000014,0.00284753,0.00000057,6.39597,0.66476,6.39263,0.82887,2.21458,2.67897,0.49197,0.60196,1.77870,0.26071,2.05207,0.19929,0.18019,0.01505,0.03784,0.00263,0.06586,0.00008,0.05860,0.00041,0.00211,0.00004,0.00106,0.00001,34.53549,29.57572,34.53549,29.57572,33.57712,1.51292,33.57712,1.51292,14.68284,0.85102,14.89428,0.09456
44,Shilluk ,Eastern Africa,32.00364662,10.4610,1,0,0,1,0,1,0,0,0,0,0,0,0,0,0,0,0,104.75,467.69,0,0,0,0,397,30,0.07,0.00,12.00,0.00,5.7490,0.0081,0.29,0.0033,0.178147,0.000117,27.84,0.07,13.59,0.18,75.05,2.32,161.20,319.69,38.72,0.04,18.09,1.15,20.62,1.52,26.46,0.01,27.05,0.34,30.26,0.01,26.18,3.38,660.98,12629.08,158.17,497.53,0.00,0.00,105.42,32.55,418.16,3199.67,0.04,0.07,77.46,672.41,333.18,37278.09,33.00,115.21,1.32883,0.02327,1.40496,0.03621,37.49,51.67,41.76,62.26,32.59,14.89,29.23,18.40,#REF!,31.39,#REF!,50.52,1.00,0.14,2.05,0.70,0.35908,0.00734,0.38379,0.01210,0.00263444,0.00002150,0.00341305,0.00005100,6.95186,0.14437,7.17299,0.14844,4.79249,17.22438,4.21926,17.53608,1.70662,0.00194,1.67959,0.00053,0.36431,0.08309,0.32747,0.09735,0.06518,0.00003,0.04518,0.00003,0.02683,0.00045,0.02229,0.00027,38.46136,3.14543,40.34258,3.09702,36.65103,3.43220,37.55228,12.26236,23.49539,20.77388,24.37565,19.53066
45,Shluh ,Northern Africa,-7.694875692,30.7775,0,0,1,0,0,0,0,0,0,0,0,0,0,1,0,0,1,0,0,0,0,104.75,467.69,1680,363637,6.86,34.78,11.33,0.46,5.8254,0.0350,0.18,0.0064,0.112993,0.000049,13.52,10.80,15.60,2.18,82.61,2.26,627.11,5911.18,32.36,11.70,-2.53,11.93,34.90,14.30,7.31,14.24,21.74,9.76,21.86,9.50,5.72,119.36,400.96,19102.65,57.78,253.04,3.50,12.82,58.15,46.71,161.31,2153.94,19.12,183.25,24.14,250.82,146.43,2286.81,21.97,265.35,1.34312,0.00038,1.49534,0.00022,19.39,0.45,25.57,15.56,38.70,22.67,35.55,48.67,#REF!,30.90,#REF!,15.54,10.16,6.23,7.80,50.34,0.15862,0.00011,0.14147,0.00017,0.00519245,0.00001840,0.00433222,0.00006930,7.22430,0.17689,6.95952,0.57989,1.60243,0.04577,0.44369,0.00549,1.60880,0.01353,1.61386,0.00119,0.11638,0.00027,0.04745,0.00011,0.05272,0.00003,0.03309,0.00005,0.02195,0.00193,0.06157,0.06892,25.89975,21.41106,25.53381,19.70343,25.26888,5.17728,27.05430,2.85284,11.29057,0.29464,12.25934,2.96637
46,Shona ,Southern Africa,31.12026225,-18.7905,1,1,1,1,0,1,0,1,0,1,0,0,1,0,1,0,0,150.00,242.69,150.00,242.69,180.00,242.69,868,182638,1.55,4.35,11.83,0.05,5.7002,0.0559,0.40,0.0132,0.173594,0.000380,20.67,4.87,13.35,1.43,84.49,1.12,296.49,679.34,30.95,5.73,7.81,6.14,23.14,5.20,23.15,5.20,16.73,6.38,23.57,5.39,16.31,50.86,787.32,42527.43,182.88,1892.90,3.60,29.86,102.58,120.74,507.21,14285.66,15.84,357.47,364.94,23371.68,17.86,417.41,34.41,146.75,1.40250,0.00764,1.44194,0.00567,18.26,154.92,24.80,223.79,14.05,67.86,12.25,74.01,#REF!,349.60,#REF!,469.48,5.44,44.16,5.59,49.76,0.10129,0.00823,0.09792,0.00899,0.00228937,0.00001980,0.00317959,0.00006770,6.41126,0.33427,6.27912,0.45014,0.81967,0.28511,0.44182,0.09370,1.21727,0.22802,1.28506,0.22934,0.08279,0.00164,0.04524,0.00066,0.03777,0.00045,0.02318,0.00029,0.01425,0.00040,0.02848,0.01484,23.48289,97.27245,24.05540,87.31334,20.88864,53.73696,23.06297,80.21775,11.44640,31.68179,13.71819,45.57292
47,Somali ,Eastern Africa,44.51444075,5.7063,0,0,1,0,0,0,0,0,0,0,0,1,0,0,1,0,0,0,0,0,0,104.75,467.69,497,145468,0.87,2.91,11.92,0.04,5.9634,0.1506,0.13,0.0053,0.188868,0.001485,26.25,5.04,12.84,3.07,64.06,5.03,144.00,4811.86,35.38,6.79,17.45,11.33,17.93,5.49,27.27,5.11,25.28,9.88,27.93,5.32,24.36,71.75,302.61,21822.51,83.57,1544.88,1.35,3.32,106.95,445.31,158.88,6049.01,9.17,104.91,106.53,3197.44,24.78,935.04,29.14,116.75,1.39419,0.00585,1.46357,0.00424,21.40,82.67,24.91,123.18,32.85,111.25,32.32,123.33,#REF!,219.49,#REF!,222.84,6.04,23.95,5.18,49.67,0.15557,0.00283,0.15115,0.00372,0.01106787,0.00023394,0.01969685,0.00072095,7.60396,0.44492,7.72356,0.50787,0.77995,0.20552,0.31703,0.09169,1.89493,0.18266,1.72842,0.08544,0.08714,0.00129,0.04248,0.00092,0.06049,0.00034,0.05132,0.00050,0.09688,0.01771,0.33775,0.43395,27.62039,42.91266,28.22873,37.06426,24.52279,29.97454,24.50757,36.85617,11.20656,12.32407,11.71656,16.79932
48,Songhai ,Western Africa,0.73154836,14.1802,0,1,0,0,0,0,0,0,1,1,0,0,0,0,0,0,0,0,0,150.00,242.69,0,0,252,1378,0.38,0.09,11.99,0.00,5.9433,0.0104,0.15,0.0062,0.246347,0.000848,28.87,0.09,14.19,0.56,62.22,2.40,295.94,2293.32,40.63,0.41,15.72,1.56,24.91,3.05,28.65,1.43,25.85,0.83,32.62,0.15,24.94,11.84,442.81,34877.35,147.79,2073.67,0.00,0.00,136.75,130.96,340.39,14609.30,0.06,0.06,69.25,701.53,0.17,0.20,14.32,23.01,1.41440,0.00324,1.47150,0.00233,11.06,63.18,14.59,84.41,17.76,181.37,16.69,150.28,#REF!,416.26,#REF!,433.82,3.90,15.06,6.65,43.33,0.07874,0.00346,0.06798,0.00272,0.00113386,0.00000019,0.00098734,0.00000001,6.25925,0.07731,6.10314,0.14704,0.66520,0.23260,0.28136,0.02316,1.55955,0.06763,1.67852,0.03976,0.06522,0.00183,0.02552,0.00022,0.03528,0.00029,0.02039,0.00020,0.00826,0.00004,0.00223,0.00002,16.65192,80.98425,15.45865,79.16431,16.94412,71.54321,16.39023,80.54856,6.93680,24.13003,7.49776,28.02084
49,Southern Tuareg,Northern Africa,5.692369176,16.8092,0,1,1,0,0,0,0,0,1,0,1,0,0,1,0,0,1,0,0,82.88,273.63,134.75,467.69,419,20438,0.46,0.64,11.98,0.01,6.2022,0.0130,0.05,0.0010,0.314379,0.002252,28.16,1.29,15.01,0.31,65.54,3.56,423.18,7757.22,41.01,0.86,12.75,4.35,28.26,4.77,30.74,2.56,23.83,3.95,32.86,1.04,22.00,42.76,160.48,10645.80,66.19,1331.95,0.00,0.00,154.51,263.38,137.48,7150.14,0.01,0.02,33.56,390.93,0.04,0.05,13.66,3.97,1.41512,0.00858,1.45977,0.00414,10.18,48.64,11.35,38.62,17.52,199.45,17.70,228.96,#REF!,423.57,#REF!,454.83,5.20,51.88,8.20,141.25,0.08339,0.00380,0.07364,0.00290,0.00431328,0.00003520,0.00426755,0.00006020,6.75263,0.50720,6.66276,0.74236,0.65567,0.57229,0.16516,0.01094,1.82340,0.14295,1.82032,0.03471,0.05369,0.00148,0.01646,0.00009,0.03843,0.00055,0.02852,0.00069,0.01403,0.00158,0.04602,0.06121,15.41563,42.30680,15.17468,67.94197,15.53744,41.21055,14.87009,48.45616,6.11744,12.36410,6.01011,11.25056
50,Tallensi ,Western Africa,-0.779138756,10.7600,0,1,1,0,0,0,0,0,1,1,0,0,0,1,1,0,0,0,0,90.00,242.69,134.75,467.69,198,1314,0.77,0.31,11.95,0.00,5.5887,0.0016,0.44,0.0002,0.170529,0.000023,28.14,0.03,12.10,0.01,54.78,0.55,181.40,4.88,38.24,0.03,19.10,0.04,19.14,0.02,25.95,0.04,27.96,0.05,30.71,0.04,25.95,0.40,966.88,1264.00,243.97,10.98,1.00,0.00,101.57,7.64,611.13,128.82,7.00,0.64,156.82,271.07,611.13,128.82,27.14,13.94,1.44040,0.00774,1.52328,0.01017,14.09,144.56,21.58,116.16,17.74,149.04,15.50,139.18,#REF!,483.93,#REF!,385.60,1.52,0.96,3.88,4.78,0.09686,0.00826,0.09015,0.00825,0.00102431,0.00000004,0.00102034,0.00000003,6.40441,0.05156,6.24241,0.18572,0.81950,0.09983,0.35124,0.00648,0.85409,0.05184,1.04925,0.08748,0.08223,0.00126,0.03855,0.00018,0.02902,0.00089,0.02106,0.00034,0.00587,0.00008,0.00295,0.00002,21.65212,143.57805,22.04670,121.96070,17.74203,148.23604,19.54561,124.08995,8.68747,59.57390,10.44522,60.45584
51,Tamil ,South Asia,78.83444703,10.4640,1,0,1,0,1,0,1,0,0,0,0,0,0,1,0,0,1,70.00,95.55,0,0,150.00,242.69,256,122052,1.86,14.37,11.80,0.14,5.3570,0.0359,0.54,0.1048,0.136248,0.000340,27.27,4.93,9.03,1.70,58.07,6.11,190.24,2966.39,35.11,7.58,19.89,6.17,15.22,7.56,26.36,4.06,26.53,5.47,29.55,6.39,24.65,39.65,1090.25,247716.71,236.31,5715.88,15.66,384.74,77.82,205.40,554.83,40154.02,67.97,5500.30,195.49,20811.48,287.19,29094.35,42.03,2771.36,1.38043,0.00653,1.48213,0.00859,25.43,62.36,33.92,103.86,31.65,27.30,28.49,33.74,#REF!,88.64,#REF!,106.23,5.58,10.96,5.52,32.76,0.17102,0.00386,0.17109,0.00545,0.00545433,0.00005380,0.00781123,0.00016678,6.63841,0.32822,6.53302,0.40324,1.38165,0.26458,0.45481,0.16043,1.31206,0.09395,1.42925,0.05230,0.11159,0.00084,0.04610,0.00051,0.04988,0.00017,0.03319,0.00008,0.03813,0.00553,0.18649,0.22173,31.46496,22.30495,32.57538,18.70162,27.81456,15.26051,29.83410,24.44414,14.56700,11.03875,17.55868,20.81563
52,Teda,Central Africa,17.81479733,18.7763,0,1,0,0,0,0,0,0,1,0,1,0,0,0,0,0,0,0,0,70.00,95.55,0,0,577,109735,0.87,2.58,11.92,0.04,6.4062,0.0310,0.01,0.0002,0.414223,0.013720,25.83,7.10,15.63,0.21,70.59,2.14,502.69,10588.60,40.06,3.87,9.96,11.91,30.10,6.24,30.41,3.88,21.02,8.08,31.22,4.25,18.57,132.99,40.25,2186.49,21.50,517.86,0.04,0.05,145.31,1616.97,35.51,1750.67,0.15,0.60,11.72,55.40,0.40,1.87,13.66,3.24,1.41202,0.00497,1.45166,0.00234,11.42,51.64,11.27,49.70,21.86,213.45,21.51,246.11,#REF!,455.67,#REF!,514.47,6.43,26.04,9.29,65.26,0.10583,0.00289,0.09139,0.00290,0.00636826,0.00007540,0.00608986,0.00012427,7.19901,0.41017,7.20651,0.55038,0.77921,0.35335,0.12920,0.01187,1.87489,0.16525,1.84642,0.04807,0.05748,0.00089,0.01548,0.00014,0.04300,0.00077,0.03506,0.00090,0.01648,0.00447,0.06458,0.10226,16.15546,26.38360,16.40920,45.40012,17.00411,29.83707,16.59480,32.70912,6.90546,8.27765,6.71660,7.38186
53,Telegu,South Asia,79.52022542,16.3205,0,1,1,0,0,0,0,0,1,0,1,0,0,1,1,0,0,0,0,150.00,242.69,194.75,1367.69,316,56305,1.43,5.26,11.86,0.07,5.2796,0.0195,0.43,0.0191,0.167004,0.000582,27.26,1.68,10.56,1.39,55.05,1.75,303.43,2719.50,38.58,5.77,16.61,3.59,21.97,10.45,27.16,1.75,24.63,3.27,31.32,2.80,23.23,17.05,897.65,61686.40,218.56,5732.32,2.27,4.88,98.43,202.27,552.53,37402.79,12.49,54.04,165.37,3275.07,63.17,4885.05,23.10,13.31,1.39139,0.00528,1.50307,0.00592,32.19,144.06,40.39,141.90,29.58,23.68,26.66,29.00,#REF!,191.50,#REF!,157.88,4.82,12.46,4.51,24.59,0.22059,0.01202,0.22929,0.01511,0.00259812,0.00001220,0.00272827,0.00004160,6.80813,0.17899,6.76973,0.34935,1.34112,0.09925,0.46354,0.02198,1.43328,0.08329,1.51386,0.02534,0.11918,0.00033,0.05255,0.00034,0.05941,0.00016,0.04087,0.00009,0.01845,0.00151,0.04228,0.06190,33.50983,67.60351,34.61075,66.68355,29.97786,54.81474,33.06800,63.87387,17.07869,41.54021,20.05148,46.08749
54,Tiv ,Western Africa,8.800647014,7.5050,0,1,1,0,0,0,0,1,0,1,0,0,1,0,1,0,0,0,0,97.27,585.03,194.75,467.69,297,82279,1.95,10.12,11.81,0.10,5.1246,0.1199,1.04,0.1859,0.139661,0.000324,26.27,1.68,10.67,1.21,63.31,0.52,126.79,832.89,34.69,2.71,18.41,4.36,16.28,7.64,24.98,1.66,26.14,2.41,28.11,1.95,24.87,17.33,1684.41,256101.94,304.21,3004.53,6.57,61.34,80.90,155.23,827.81,31441.06,34.34,1311.01,218.13,8861.51,753.02,85083.36,47.23,925.56,1.39857,0.01413,1.45534,0.00880,19.76,25.78,30.68,66.74,29.80,68.04,24.75,65.79,#REF!,119.70,#REF!,99.73,8.74,30.20,12.36,86.27,0.10851,0.00108,0.08867,0.00102,0.00150365,0.00000489,0.00121742,0.00000685,6.06227,0.51501,5.75892,0.58520,1.50861,0.20687,0.41660,0.02548,1.11058,0.25424,1.24127,0.22059,0.10962,0.00072,0.03790,0.00018,0.04453,0.00010,0.02504,0.00008,0.01528,0.00054,0.01551,0.01572,25.87456,56.64870,25.91842,39.20830,24.12828,30.70988,26.68369,20.47747,10.98285,9.70872,13.73322,22.64225
55,Tonga ,Southern Africa,27.25909075,-16.5172,1,1,1,1,0,1,0,1,0,1,0,0,1,0,1,0,0,119.75,842.69,104.75,467.69,134.75,467.69,1007,40273,1.16,2.95,11.87,0.03,5.9110,0.0086,0.36,0.0031,0.197535,0.000052,21.48,1.68,14.52,1.13,81.69,9.50,312.72,870.56,33.48,2.16,7.08,3.97,26.41,3.23,23.43,1.28,16.96,2.57,24.71,1.78,16.90,22.33,781.88,8864.96,200.87,703.69,0.00,0.00,116.03,14.49,560.01,5414.94,0.68,0.44,275.28,4692.57,2.41,5.74,31.55,55.05,1.35945,0.00988,1.44241,0.01159,22.35,154.73,29.81,238.10,22.72,89.93,19.78,68.94,#REF!,397.44,#REF!,478.06,3.75,13.46,4.11,25.32,0.14341,0.01153,0.13557,0.01551,0.00176214,0.00000482,0.00157955,0.00000678,6.11446,0.40741,6.07329,0.55610,1.61015,7.23300,0.80219,7.76384,1.19106,0.33190,1.20517,0.32192,0.12615,0.03530,0.06837,0.04275,0.04425,0.00023,0.02843,0.00021,0.02464,0.00096,0.07110,0.03763,28.78900,91.06322,28.26043,89.55537,25.76790,61.78524,27.01657,94.61049,14.24567,48.01915,16.35870,70.00993
56,Tsonga ,Southern Africa,32.91148914,-23.2748,0,0,1,0,0,0,0,0,0,0,0,0,1,0,1,0,0,0,0,0,0,164.75,467.69,192,23920,0.53,0.53,11.92,0.01,5.1765,0.0264,0.37,0.0087,0.139900,0.000289,23.29,0.85,13.34,1.16,81.69,9.50,293.04,1389.15,32.75,1.50,10.91,2.98,21.85,3.90,26.40,0.77,19.66,2.65,26.42,0.75,19.05,13.50,629.83,18090.07,124.48,544.46,9.29,61.82,80.46,166.53,344.72,3714.25,34.82,599.01,337.64,3567.55,38.03,802.86,46.16,390.78,1.37249,0.01293,1.42352,0.01186,15.69,165.10,20.84,186.20,14.29,74.15,12.55,69.33,#REF!,372.48,#REF!,404.12,3.99,104.11,4.80,180.55,0.10796,0.00832,0.11013,0.00892,0.00903713,0.00020179,0.01569919,0.00035724,6.50952,0.25296,6.60106,0.37041,0.94134,0.23895,0.47654,0.19640,1.55149,0.04404,1.65294,0.02412,0.07871,0.00108,0.04601,0.00076,0.03778,0.00023,0.01907,0.00014,0.00542,0.00004,0.00205,0.00002,22.42723,82.93209,21.92592,97.47155,21.59954,72.17084,23.00336,101.95808,10.16847,28.00351,12.61605,45.10103
57,Wolof ,Western Africa,-15.91029041,14.7127,0,1,1,0,0,0,0,1,0,1,0,0,1,0,1,0,0,0,0,120.00,242.69,194.75,1367.69,35,247,0.23,0.04,12.03,0.00,5.8352,0.0012,0.20,0.0032,0.262382,0.000392,26.74,0.73,14.44,2.12,62.74,0.23,186.86,310.12,36.86,6.37,14.82,0.21,22.04,6.82,27.55,0.12,26.16,2.28,28.84,1.11,24.03,7.13,517.78,15090.52,179.86,1360.80,0.00,0.00,144.42,59.55,435.13,8726.56,0.21,0.17,141.00,10474.81,2.34,1.05,19.63,84.14,1.43960,0.00563,1.48244,0.00550,8.48,44.41,13.10,67.41,11.81,122.14,12.07,130.74,#REF!,281.59,#REF!,293.61,8.93,74.80,11.12,188.22,0.04756,0.00166,0.05258,0.00213,0.00153821,0.00009530,0.00084578,0.00002530,6.56295,0.42466,6.20287,0.42870,0.39780,0.12875,0.23695,0.01733,1.43217,0.13469,1.54239,0.11542,0.03460,0.00087,0.02270,0.00011,0.02694,0.00019,0.01422,0.00007,0.01195,0.00921,0.00683,0.00432,16.96748,49.13504,16.23248,53.16289,14.33574,35.56987,15.30788,42.03236,5.72517,14.31919,6.75193,17.23366
58,Azande 2,Central Africa,26.48140818,4.6061,1,0,0,1,0,1,0,0,0,0,0,0,0,0,0,0,0,120.00,242.69,0,0,0,0,629,6045,0.72,0.21,11.99,0.00,5.5554,0.0179,0.96,0.0264,0.109715,0.000101,24.85,0.29,11.87,0.46,72.41,20.24,76.30,409.87,33.29,1.20,17.74,0.44,15.55,2.08,24.09,0.18,25.19,0.36,25.83,0.57,23.89,2.20,1585.56,32365.09,227.61,338.17,19.34,158.89,55.02,111.41,621.40,1419.34,87.71,2423.40,267.46,9389.44,571.70,2958.18,49.40,68.70,1.29798,0.00513,1.35707,0.01039,35.32,135.89,42.94,154.76,17.17,47.41,15.16,32.88,#REF!,109.16,#REF!,111.06,3.79,21.65,4.02,23.95,0.08909,0.00037,0.06568,0.00019,0.00039440,0.00000036,0.00014735,0.00000004,5.25825,0.05716,4.95407,0.06469,1.55680,0.10215,0.61515,0.01156,0.54529,0.03174,0.60458,0.04231,0.12052,0.00045,0.05644,0.00013,0.04064,0.00003,0.02030,0.00003,0.02711,0.00002,0.03091,0.00004,35.81439,78.82669,34.23034,27.44190,31.56638,21.20173,32.99649,26.72192,20.17186,25.76409,23.32031,30.67444
59,Bagisu 2,Eastern Africa,34.29815091,1.0139,1,0,0,0,1,1,0,0,0,0,0,0,0,0,0,0,0,104.75,467.69,0,0,0,0,1540,283028,5.59,27.30,11.49,0.23,5.1591,0.1930,0.86,0.0596,0.095898,0.000003,20.56,8.76,12.76,0.26,74.96,17.92,68.66,9.68,29.09,9.35,13.73,8.33,15.35,0.20,20.42,9.59,21.27,9.10,21.53,8.97,19.72,87.72,1452.67,51227.28,200.57,813.21,41.21,51.81,38.55,8.53,510.17,5455.61,166.54,647.10,221.14,838.64,418.86,7065.80,63.38,961.51,1.05757,0.03658,1.06066,0.05023,21.50,5.25,36.78,12.51,31.98,99.21,28.28,67.65,#REF!,104.11,#REF!,24.04,3.78,1.27,2.63,1.26,0.24365,0.01347,0.19862,0.00921,0.00122752,0.00000055,0.00079563,0.00000025,5.44941,0.12777,5.35963,0.14301,5.71792,9.31685,4.14368,6.92170,0.38902,0.04238,0.45133,0.03169,0.32983,0.02761,0.22536,0.01769,0.04150,0.00001,0.02150,0.00001,0.04281,0.00011,0.03430,0.00007,37.63292,5.65427,38.36020,13.17747,37.80491,33.85032,41.45602,40.27769,19.45651,14.23053,22.41229,6.36239
60,Bemba 2,Southern Africa,29.10001555,-11.7262,1,0,0,1,0,1,0,0,0,0,0,0,0,0,0,0,0,194.75,467.69,0,0,0,0,1194,51762,1.16,2.25,11.85,0.02,5.8439,0.0175,0.58,0.0077,0.179587,0.000272,20.89,1.93,13.13,1.61,44.29,1.15,222.81,2871.27,31.38,2.16,8.70,6.51,22.68,8.38,22.04,1.66,17.63,3.53,23.13,2.02,17.57,33.74,1130.22,21021.16,251.01,903.95,0.02,0.02,106.43,89.06,708.04,9281.25,0.63,0.62,315.10,12970.20,3.64,35.93,39.17,41.32,1.29053,0.01001,1.37410,0.01378,26.65,61.27,35.43,94.63,22.30,46.52,19.24,40.71,#REF!,106.53,#REF!,108.73,3.66,2.83,3.05,7.26,0.12033,0.00724,0.09592,0.01206,0.00092053,0.00000077,0.00057257,0.00000093,5.56004,0.27450,5.39094,0.35270,2.27903,13.67471,1.31438,15.44289,0.54022,0.27209,0.56914,0.28265,0.16333,0.06858,0.10082,0.08525,0.04098,0.00010,0.02001,0.00010,0.02861,0.00026,0.03438,0.00028,33.27050,43.14312,31.43781,30.91483,28.68260,19.29817,30.10704,24.34772,15.18154,15.86979,17.08995,16.34612
61,Gusii 2,Eastern Africa,34.8513152,-0.7229,1,0,1,1,0,1,0,0,0,0,0,0,1,0,1,0,0,134.75,467.69,0,0,134.75,467.69,1793,31008,3.06,3.28,11.83,0.06,5.7789,0.0068,1.00,0.0068,0.091873,0.000001,18.55,1.03,14.56,0.25,65.92,30.73,72.79,19.66,27.63,1.19,10.50,0.57,17.13,0.20,18.97,0.97,18.92,1.62,19.50,0.92,17.58,10.70,1712.84,15157.31,251.97,270.76,77.59,46.02,31.83,3.85,613.64,1660.61,306.09,333.88,349.70,324.91,367.93,2178.42,77.52,1264.23,1.06207,0.02186,1.12177,0.01642,53.17,99.54,52.97,119.39,27.08,52.51,27.41,64.10,#REF!,115.62,#REF!,91.90,0.85,11.37,0.98,11.18,0.21016,0.00453,0.25621,0.01658,0.00002300,0.00000002,0.00005610,0.00000006,5.31828,0.19085,5.63391,0.15891,2.93564,0.95852,1.98311,0.32093,0.46799,0.12643,0.33165,0.00056,0.26129,0.01690,0.13507,0.00459,0.04000,0.00000,0.02174,0.00001,0.04394,0.00012,0.03337,0.00009,37.67637,4.09790,37.79931,8.83710,36.16660,13.00403,42.60245,27.92772,22.06473,10.77090,25.86174,14.77283
62,Rwandans 2,Central Africa,29.31283711,-2.2957,1,0,0,0,1,1,0,0,0,0,0,0,0,0,0,0,0,82.88,273.63,0,0,0,0,1625,204081,4.81,15.45,11.55,0.23,4.9946,0.0733,1.04,0.1065,0.102345,0.000052,19.14,6.67,10.97,0.83,38.96,2.65,31.69,44.02,25.64,8.71,12.68,5.07,12.96,0.83,19.09,6.46,18.88,6.69,19.47,6.88,18.76,67.70,1362.64,98187.99,187.80,1378.75,22.00,232.10,46.51,94.60,492.31,12052.56,108.69,3556.26,286.45,11309.63,223.80,10014.49,85.76,1586.82,1.14903,0.01833,1.22133,0.02687,36.45,122.26,38.45,131.27,25.43,73.07,24.90,99.88,#REF!,147.17,#REF!,145.01,3.37,56.22,4.54,72.62,0.18763,0.00983,0.13949,0.01260,0.00076591,0.00004320,0.00042598,0.00002040,5.16628,0.38300,5.05843,0.43614,4.52808,7.56243,2.26508,8.42977,0.68363,0.16680,0.75044,0.17636,0.34749,0.06282,0.16392,0.05275,0.06501,0.00060,0.04587,0.00102,0.03860,0.00357,0.08952,0.14651,35.31655,18.23176,35.53310,21.38393,37.35102,63.33962,36.94721,41.44835,20.73408,27.72841,23.05680,29.96527
63,Tamil 2,South Asia,78.83444703,10.4640,1,0,1,0,1,1,0,0,0,0,0,0,0,1,1,0,0,90.00,242.69,0,0,90.00,242.69,256,122052,1.86,14.37,11.80,0.14,5.3570,0.0359,0.54,0.1048,0.136248,0.000340,27.27,4.93,9.03,1.70,58.07,6.11,190.24,2966.39,35.11,7.58,19.89,6.17,15.22,7.56,26.36,4.06,26.53,5.47,29.55,6.39,24.65,39.65,1090.25,247716.71,236.31,5715.88,15.66,384.74,77.82,205.40,554.83,40154.02,67.97,5500.30,195.49,20811.48,287.19,29094.35,42.03,2771.36,1.38043,0.00653,1.48213,0.00859,25.43,62.36,33.92,103.86,31.65,27.30,28.49,33.74,#REF!,88.64,#REF!,106.23,5.58,10.96,5.52,32.76,0.17102,0.00386,0.17109,0.00545,0.00545433,0.00005380,0.00781123,0.00016678,6.63841,0.32822,6.53302,0.40324,1.38165,0.26458,0.45481,0.16043,1.31206,0.09395,1.42925,0.05230,0.11159,0.00084,0.04610,0.00051,0.04988,0.00017,0.03319,0.00008,0.03813,0.00553,0.18649,0.22173,31.46496,22.30495,32.57538,18.70162,27.81456,15.26051,29.83410,24.44414,14.56700,11.03875,17.55868,20.81563
64,Bambara 2,Western Africa,-6.964862746,12.8745,0,1,0,0,0,0,0,1,0,1,0,0,0,0,0,0,0,0,0,82.88,273.63,0,0,331,2874,0.51,0.36,11.97,0.01,5.8570,0.0062,0.32,0.0162,0.211324,0.000757,27.20,0.14,14.47,0.67,68.10,4.30,244.69,1645.01,38.70,1.18,13.93,1.38,24.77,4.45,26.42,0.42,24.80,0.53,30.55,0.49,24.23,5.76,828.80,48054.41,248.31,1629.82,0.35,0.88,122.12,176.02,593.18,12858.35,2.12,15.78,109.00,1315.25,11.91,4368.47,19.68,10.52,1.38943,0.00320,1.46679,0.00438,18.21,51.73,26.40,106.74,27.34,113.54,22.38,108.98,#REF!,238.02,#REF!,296.10,8.23,33.41,9.74,110.89,0.11437,0.00248,0.08654,0.00224,0.00180019,0.00000067,0.00142597,0.00000270,6.45533,0.27706,6.19313,0.51223,1.38840,0.17605,0.38378,0.02627,1.35507,0.10410,1.46295,0.07753,0.10994,0.00159,0.03819,0.00031,0.04401,0.00029,0.02682,0.00016,0.00937,0.00007,0.00342,0.00004,20.88032,46.43871,22.13284,42.69409,22.66140,26.99353,23.80407,35.17556,10.52341,15.59601,12.57875,20.81958
65,Tallensi 2,Western Africa,-0.779138756,10.7600,0,1,0,0,0,0,0,0,1,1,0,0,0,0,0,0,0,0,0,134.75,467.69,0,0,198,1314,0.77,0.31,11.95,0.00,5.5887,0.0016,0.44,0.0002,0.170529,0.000023,28.14,0.03,12.10,0.01,54.78,0.55,181.40,4.88,38.24,0.03,19.10,0.04,19.14,0.02,25.95,0.04,27.96,0.05,30.71,0.04,25.95,0.40,966.88,1264.00,243.97,10.98,1.00,0.00,101.57,7.64,611.13,128.82,7.00,0.64,156.82,271.07,611.13,128.82,27.14,13.94,1.44040,0.00774,1.52328,0.01017,14.09,144.56,21.58,116.16,17.74,149.04,15.50,139.18,#REF!,483.93,#REF!,385.60,1.52,0.96,3.88,4.78,0.09686,0.00826,0.09015,0.00825,0.00102431,0.00000004,0.00102034,0.00000003,6.40441,0.05156,6.24241,0.18572,0.81950,0.09983,0.35124,0.00648,0.85409,0.05184,1.04925,0.08748,0.08223,0.00126,0.03855,0.00018,0.02902,0.00089,0.02106,0.00034,0.00587,0.00008,0.00295,0.00002,21.65212,143.57805,22.04670,121.96070,17.74203,148.23604,19.54561,124.08995,8.68747,59.57390,10.44522,60.45584
66,Teda 2,Central Africa,17.81479733,18.7763,0,1,0,0,0,0,0,0,1,0,1,0,0,0,0,0,0,0,0,70.00,95.55,0,0,577,109735,0.87,2.58,11.92,0.04,6.4062,0.0310,0.01,0.0002,0.414223,0.013720,25.83,7.10,15.63,0.21,70.59,2.14,502.69,10588.60,40.06,3.87,9.96,11.91,30.10,6.24,30.41,3.88,21.02,8.08,31.22,4.25,18.57,132.99,40.25,2186.49,21.50,517.86,0.04,0.05,145.31,1616.97,35.51,1750.67,0.15,0.60,11.72,55.40,0.40,1.87,13.66,3.24,1.41202,0.00497,1.45166,0.00234,11.42,51.64,11.27,49.70,21.86,213.45,21.51,246.11,#REF!,455.67,#REF!,514.47,6.43,26.04,9.29,65.26,0.10583,0.00289,0.09139,0.00290,0.00636826,0.00007540,0.00608986,0.00012427,7.19901,0.41017,7.20651,0.55038,0.77921,0.35335,0.12920,0.01187,1.87489,0.16525,1.84642,0.04807,0.05748,0.00089,0.01548,0.00014,0.04300,0.00077,0.03506,0.00090,0.01648,0.00447,0.06458,0.10226,16.15546,26.38360,16.40920,45.40012,17.00411,29.83707,16.59480,32.70912,6.90546,8.27765,6.71660,7.38186
67,Fon 2,Western Africa,2.545272714,6.8301,0,0,1,0,0,0,0,0,0,0,0,0,0,1,1,0,0,0,0,0,0,90.00,242.69,47,1750,0.53,0.25,11.98,0.00,4.7246,0.0116,0.75,0.0070,0.120497,0.000054,27.43,0.10,8.75,1.89,56.29,1.85,127.61,59.49,34.27,1.72,21.99,0.28,12.28,2.98,27.16,0.49,28.15,0.11,28.98,0.14,25.66,0.82,1181.71,12955.43,218.49,3720.21,8.97,25.11,66.12,38.58,536.23,8233.19,56.58,161.33,242.13,161.81,342.14,591.37,38.61,35.87,1.29817,0.00185,1.39128,0.00364,17.94,106.52,26.80,147.69,25.82,125.46,22.61,95.41,#REF!,349.20,#REF!,336.02,3.93,8.39,6.71,79.94,0.13510,0.00583,0.12297,0.01069,0.00258363,0.00000956,0.00360890,0.00002670,5.71266,0.50593,5.73313,0.74041,1.34780,0.17529,0.45251,0.01208,1.44876,0.05578,1.62262,0.00154,0.09171,0.00093,0.04077,0.00010,0.05279,0.00009,0.03895,0.00006,0.03205,0.00118,0.11406,0.04558,31.84168,76.17580,31.29618,74.24045,28.06040,67.12326,29.62703,82.15506,17.14802,44.61428,19.70558,72.48895
68,Kaffa 2,Eastern Africa,36.07399657,7.2309,0,0,1,0,0,0,0,0,0,0,0,0,0,1,1,0,0,0,0,0,0,120.00,242.69,1757,286989,5.86,22.28,11.53,0.15,5.1739,0.0950,1.03,0.0130,0.103294,0.000021,19.21,7.56,13.79,0.91,81.96,1.17,74.10,54.14,28.06,10.50,11.26,6.63,16.80,1.67,18.62,8.88,19.48,8.04,20.20,7.86,18.31,78.09,1753.45,50122.12,234.03,1097.20,40.06,51.79,48.46,29.27,672.21,11005.05,150.60,715.98,364.87,18522.73,660.29,12857.43,113.01,1178.07,1.33847,0.00178,1.39156,0.00166,31.08,79.69,40.81,132.78,33.35,14.24,28.06,27.58,#REF!,38.60,#REF!,54.89,7.49,3.35,4.82,0.75,0.20513,0.00136,0.20766,0.00125,0.00451098,0.00009060,0.00595543,0.00030450,6.52182,0.09879,6.40515,0.14901,1.97429,0.56077,0.89482,1.07298,0.91479,0.00333,1.22185,0.00050,0.15652,0.00338,0.08407,0.00536,0.06993,0.00000,0.04993,0.00000,0.01711,0.00005,0.01012,0.00073,29.91460,115.22746,28.70777,46.87282,33.38529,2.97315,35.13596,4.40248,17.63705,9.40414,19.55858,13.16981
69,Ngikebotok Turkana 2,Eastern Africa,35.51071564,3.3158,0,0,1,0,0,0,0,0,0,0,0,0,0,1,0,1,0,0,0,0,0,82.88,273.63,642,51791,1.49,5.74,11.90,0.05,6.1647,0.0618,0.18,0.0061,0.125618,0.000175,26.91,3.22,12.61,1.77,22.41,1.72,72.25,143.77,35.17,2.30,19.86,4.88,15.31,1.16,27.36,3.02,26.95,2.81,27.86,3.11,25.98,34.76,336.86,10618.48,75.74,184.02,6.44,11.73,68.80,117.06,156.33,1372.46,35.74,170.43,93.56,901.38,69.01,1792.40,27.56,501.24,1.44728,0.01771,1.49446,0.01676,18.95,102.60,23.47,136.45,23.07,217.09,19.57,107.20,#REF!,419.02,#REF!,386.52,16.13,511.12,14.99,554.71,0.21711,0.02484,0.19818,0.01311,0.00501742,0.00091451,0.01889833,0.00088858,7.97546,0.39310,7.84676,0.57735,0.73253,0.66473,0.39183,0.50497,1.57875,0.08626,1.51878,0.09337,0.07852,0.00325,0.04962,0.00265,0.05343,0.00018,0.03753,0.00014,0.06439,0.02537,0.10473,0.06643,31.58977,104.03880,28.67992,64.56224,25.13617,48.62077,23.95090,67.03245,10.45504,17.06878,11.62220,24.38220
70,Nuba 2,Eastern Africa,28.49072269,12.4475,0,0,1,0,0,0,0,0,0,0,0,0,1,0,1,0,0,0,0,0,0,224.75,467.69,670,29336,0.83,1.81,11.93,0.02,6.1963,0.0213,0.17,0.0034,0.232767,0.002562,26.37,1.02,15.22,1.47,38.81,128.47,244.63,3587.01,38.31,0.93,13.56,5.19,24.74,5.49,26.48,0.88,23.88,2.66,29.45,0.75,22.99,33.07,474.00,21730.78,141.60,514.97,0.01,0.01,130.03,381.06,350.33,6964.56,0.06,0.14,88.27,1306.70,0.06,0.14,15.63,30.54,1.43379,0.02050,1.51899,0.02667,26.14,240.04,28.41,312.10,28.42,157.71,27.90,172.72,#REF!,647.90,#REF!,690.87,6.17,34.29,8.55,85.10,0.20926,0.01369,0.20698,0.01511,0.00277652,0.00000228,0.00277689,0.00000131,7.07754,0.24016,7.15174,0.36274,1.12367,0.50712,0.22835,0.04219,1.74546,0.00524,1.70328,0.00770,0.09018,0.00204,0.02382,0.00071,0.04756,0.00040,0.03416,0.00027,0.00642,0.00006,0.00430,0.00002,29.59664,125.07777,30.08005,151.60222,27.75031,108.68555,28.03505,120.27275,14.58192,50.09855,16.23642,80.02312
71,Nuer 2,Eastern Africa,31.74938085,8.2489,0,0,1,0,0,0,0,0,0,0,0,0,1,0,1,0,0,0,0,0,0,104.75,467.69,408,204,0.07,0.01,11.99,0.00,5.4972,0.0167,0.40,0.0014,0.155736,0.000090,27.56,0.08,12.97,0.15,44.77,2.96,129.70,224.79,37.85,0.59,18.93,0.39,18.92,0.22,26.10,0.05,27.52,0.22,29.42,0.23,26.07,0.44,849.77,2820.56,180.88,129.98,0.56,1.00,92.30,38.06,481.30,728.35,3.08,15.16,89.25,1606.72,476.08,647.95,40.95,58.75,1.37458,0.01392,1.46000,0.02267,36.37,84.37,40.24,91.73,32.99,24.69,29.55,23.20,#REF!,121.22,#REF!,110.26,1.70,3.62,2.02,6.94,0.35178,0.01109,0.36986,0.01538,0.00158202,0.00000019,0.00165681,0.00000028,6.93749,0.21159,7.12126,0.29242,5.10718,7.56294,4.64267,8.02691,1.72116,0.01572,1.69229,0.00965,0.37764,0.03886,0.35439,0.04531,0.06780,0.00007,0.04770,0.00005,0.03089,0.00028,0.02298,0.00027,35.36714,19.95940,38.04184,30.22542,34.37317,19.65803,34.72025,24.54779,21.91251,22.79005,23.35563,21.58272
72,Somali 2,Eastern Africa,44.51444075,5.7063,0,0,1,0,0,0,0,0,0,0,0,1,0,0,1,0,0,0,0,0,0,104.75,467.69,497,145468,0.87,2.91,11.92,0.04,5.9634,0.1506,0.13,0.0053,0.188868,0.001485,26.25,5.04,12.84,3.07,64.06,5.03,144.00,4811.86,35.38,6.79,17.45,11.33,17.93,5.49,27.27,5.11,25.28,9.88,27.93,5.32,24.36,71.75,302.61,21822.51,83.57,1544.88,1.35,3.32,106.95,445.31,158.88,6049.01,9.17,104.91,106.53,3197.44,24.78,935.04,29.14,116.75,1.39419,0.00585,1.46357,0.00424,21.40,82.67,24.91,123.18,32.85,111.25,32.32,123.33,#REF!,219.49,#REF!,222.84,6.04,23.95,5.18,49.67,0.15557,0.00283,0.15115,0.00372,0.01106787,0.00023394,0.01969685,0.00072095,7.60396,0.44492,7.72356,0.50787,0.77995,0.20552,0.31703,0.09169,1.89493,0.18266,1.72842,0.08544,0.08714,0.00129,0.04248,0.00092,0.06049,0.00034,0.05132,0.00050,0.09688,0.01771,0.33775,0.43395,27.62039,42.91266,28.22873,37.06426,24.52279,29.97454,24.50757,36.85617,11.20656,12.32407,11.71656,16.79932