 ,REG,LONG,LATI,FM_cultiv,PM_cultiv,SB_cultiv,FM_ext,FM_int,FM_rf,FM_irr,PM_ext,PM_int,PM_rf,PM_irr,SB_cas,SB_ext,SB_int,SB_rf,SB_dec,SB_irr,FMcycle_m,FMcycle_v,PMcycle_m,PMcycle_v,SBcycle_m,SBcycle_v,ALT_m,ALT_v,SLO_m,SLO_v,INS_m,INS_v,GHI_m,GHI_v,AI_m,AI_v,PCI_m,PCI_v,BIO1_m,BIO1_v,BIO2_m,BIO2_v,BIO3_m,BIO3_v,BIO4_m,BIO4_v,BIO5_m,BIO5_v,BIO6_m,BIO6_v,BIO7_m,BIO7_v,BIO8_m,BIO8_v,BIO9_m,BIO9_v,BIO10_m,BIO10_v,BIO11_m,BIO11_v,BIO12_m,BIO12_v,BIO13_m,BIO13_v,BIO14_m,BIO14_v,BIO15_m,BIO15_v,BIO16_m,BIO16_v,BIO17_m,BIO17_v,BIO18_m,BIO18_v,BIO19_m,BIO19_v,SOC_m,SOC_v,BD1_m,BD1_v,BD2_m,BD2_v,CLAY1_m,CLAY1_v,CLAY2_m,CLAY2_v,SILT1_m,SILT1_v,SILT2_m,SILT2_v,SAND1_m,SAND1_v,SAND2_m,SAND2_v,GRAV1_m,GRAV1_v,GRAV2_m,GRAV2_v,CEC1_m,CEC1_v,CEC2_m,CEC2_v,ECE1_m,ECE1_v,ECE2_m,ECE2_v,PH1_m,PH1_v,PH2_m,PH2_v,OC1_m,OC1_v,OC2_m,OC2_v,TK1_m,TK1_v,TK2_m,TK2_v,TN1_m,TN1_v,TN2_m,TN2_v,TP1_m,TP1_v,TP2_m,TP2_v,TS1_m,TS1_v,TS2_m,TS2_v,WC11_m,WC11_v,WC12_m,WC12_v,WC21_m,WC21_v,WC22_m,WC22_v,WC31_m,WC31_v,WC32_m,WC32_v
"E1,""Tigray, Ethiopia"",39.402392,14.445672,1,0,0,0,1,1,0,0,0,0,0,0,0,0,0,0,0,149.75,242.6875,0,0,149.75,467.6875,1986.9308,217063.9378,7.6254,38.4911,11.7981,1.2681,6.1429,0.043,0.297,0.0009,0.1512,0.0011,18.8704,6.08,15.3678,0.2908,71.5143,1.7948,151.4249,54.6406,29.0801,5.9704,7.7241,7.4872,21.356,0.9137,19.0672,3.3434,17.7614,11.0152,20.8456,6.1162,16.8357,6.1328,636.6181,7542.0426,149.4535,640.0177,15.4173,92.0479,85.8641,598.4031,338.0321,2291.1189,60.1248,1403.0705,130.9474,229.5259,86.1246,5174.35,25.4918,93.9606,1.2657,0.0099,1.3126,0.0049,24.9032,115.7721,27.9299,162.8088,28.3133,62.7457,25.8152,51.9114,45.7614,262.9919,44.8503,313.1116,4.2269,7.0778,4.4255,5.9249,0.1698,0.0018,0.1253,0.0025,0.0014,0,0.0013,0,5.7908,0.6938,5.7299,0.8326,2.2385,0.9267,0.7884,0.0708,1.2387,0.1238,1.4768,0.0514,0.2278,0.005,0.0784,0.0018,0.0542,0.0003,0.0375,0.0002,0.0145,0.0006,0.027,0.0246,30.0532,90.4714,29.2564,74.0757,33.4796,99.4227,31.9163,82.3039,16.3397,43.1719,17.8721,45.5893"
"E2,""Tigray, Ethiopia"",39.403956,14.436215,1,0,1,0,1,1,0,0,0,0,0,0,0,1,1,0,0,134.75,467.6875,0,0,134.75,467.6875,1991.1572,216673.0749,7.6156,38.5855,11.7981,1.2681,6.1433,0.0428,0.2971,0.0009,0.1516,0.0011,18.8475,6.0878,15.3736,0.2861,71.4831,1.7794,151.5086,53.8859,29.0637,5.9744,7.6905,7.4887,21.3732,0.9044,19.0495,3.3427,17.7347,11.0355,20.8243,6.1228,16.8126,6.1483,636.5532,7476.7794,149.788,644.7608,15.3048,91.1579,86.1457,597.312,338.7662,2309.5377,59.6685,1395.1409,131.0433,230.7156,85.4976,5160.3382,25.6793,93.0852,1.2646,0.0099,1.3118,0.0049,24.9568,115.5995,28.0018,163.2015,28.3293,62.5729,25.8048,51.7108,45.6867,262.2247,44.785,312.0806,4.2193,6.923,4.4482,5.8883,0.1698,0.0018,0.125,0.0025,0.0014,0,0.0013,0,5.7815,0.6823,5.7192,0.82,2.2457,0.9207,0.7904,0.0708,1.2342,0.1243,1.4735,0.0538,0.228,0.005,0.0781,0.0018,0.0544,0.0003,0.0376,0.0002,0.0145,0.0006,0.0265,0.0239,30.0953,89.8829,29.2984,73.704,33.5257,98.7592,32.0054,82.1817,16.3707,42.8701,17.9143,45.2608"
"E3,""Tigray, Ethiopia"",39.403821,14.435644,1,0,0,0,1,1,0,0,0,0,0,0,0,0,0,0,0,149.75,242.6875,0,0,0,0,1991.2596,216631.6554,7.6103,38.5811,11.7981,1.2681,6.1434,0.0428,0.2971,0.0009,0.1516,0.0011,18.8467,6.0885,15.3746,0.2855,71.4807,1.7787,151.5196,53.7824,29.0637,5.975,7.6885,7.49,21.3753,0.9026,19.0493,3.3432,17.7328,11.0318,20.8238,6.1237,16.8118,6.15,636.5818,7461.7945,149.8197,644.8859,15.3038,91.1257,86.1612,596.8012,338.8412,2309.7951,59.6496,1393.9544,131.0539,230.8894,85.449,5155.0811,25.6883,93.0398,1.2646,0.0099,1.3117,0.0049,24.966,115.5722,28.0138,163.2158,28.3343,62.5304,25.8081,51.6898,45.6725,262.04,44.7689,311.892,4.2204,6.9233,4.4483,5.8907,0.1698,0.0018,0.125,0.0025,0.0014,0,0.0013,0,5.7812,0.6826,5.7189,0.8203,2.246,0.9207,0.7904,0.0708,1.2339,0.1245,1.4731,0.054,0.2281,0.005,0.0781,0.0018,0.0544,0.0003,0.0376,0.0002,0.0145,0.0006,0.0265,0.0239,30.1012,89.8388,29.3041,73.6649,33.5291,98.7394,32.0121,82.161,16.3737,42.8566,17.9186,45.2462"
"E5,""Tigray, Ethiopia"",39.41255,14.440273,1,0,1,0,1,1,0,0,0,0,0,0,0,1,1,0,0,149.75,242.6875,0,0,149.75,467.6875,1984.6784,224578.6126,7.729,39.1453,11.7981,1.2681,6.1368,0.0448,0.2974,0.0009,0.1506,0.0011,18.8782,6.291,15.3521,0.2996,71.4929,1.7866,151.5709,56.7483,29.0793,6.1124,7.7392,7.8148,21.3401,0.9183,19.0642,3.3983,17.7997,11.573,20.8515,6.3117,16.8384,6.3182,636.9057,7704.7125,148.7857,659.8364,15.3503,90.4909,85.4389,607.2887,336.8753,2314.9291,60.2955,1404.707,130.8392,240.6024,87.4454,5331.5457,25.6094,93.1919,1.2642,0.0099,1.3118,0.0049,24.8657,115.0948,27.8803,162.8033,28.4078,63.5168,25.8696,52.3885,45.7109,261.0988,44.8425,310.3717,4.2373,6.9258,4.5191,6.0841,0.1697,0.0018,0.1247,0.0024,0.0014,0,0.0014,0,5.7821,0.6793,5.7195,0.8177,2.2449,0.9142,0.7892,0.0709,1.235,0.1222,1.4748,0.0531,0.2275,0.005,0.0775,0.0018,0.0545,0.0003,0.0376,0.0002,0.0152,0.0008,0.0307,0.029,30.1011,89.2379,29.3214,73.6187,33.4913,97.622,31.9934,81.5379,16.3334,42.4963,17.8755,44.8888"
"E7,""Tigray, Ethiopia"",39.415802,14.441764,1,0,1,0,1,1,0,0,0,0,0,0,0,1,1,0,0,179.75,842.6875,0,0,179.75,842.6875,1981.8678,228105.6949,7.7764,39.4077,11.7981,1.2681,6.1343,0.0456,0.2975,0.0009,0.1503,0.0011,18.8921,6.3861,15.3434,0.3059,71.4944,1.7934,151.6114,58.3869,29.0876,6.1839,7.7603,7.9641,21.3273,0.9247,19.0715,3.4273,17.8272,11.8065,20.8642,6.4019,16.8502,6.398,636.9084,7788.8336,148.3792,666.5854,15.3633,90.1161,85.168,610.1335,336.1025,2320.8164,60.5161,1405.904,130.7396,246.5901,88.1648,5386.651,25.5878,93.0897,1.2639,0.0099,1.3117,0.0049,24.8447,114.8863,27.8478,162.632,28.4445,63.8161,25.8994,52.5994,45.6998,260.4972,44.8446,309.4972,4.2431,6.9154,4.5485,6.1514,0.1697,0.0018,0.1245,0.0024,0.0015,0,0.0015,0,5.7812,0.6773,5.7183,0.8158,2.2462,0.9109,0.7891,0.0709,1.2346,0.1212,1.4748,0.0528,0.2273,0.005,0.0773,0.0017,0.0545,0.0003,0.0376,0.0002,0.0155,0.0008,0.0326,0.0312,30.1186,88.97,29.343,73.5564,33.4964,97.1279,32.0044,81.231,16.3308,42.3335,17.8719,44.7306"
"E6,""Tigray, Ethiopia"",39.414012,14.440398,1,0,1,0,1,1,0,0,0,0,0,0,0,1,1,0,0,134.75,467.6875,0,0,134.75,467.6875,1983.8917,225729.6784,7.7493,39.2636,11.7981,1.2681,6.1358,0.0451,0.2975,0.0009,0.1505,0.0011,18.8818,6.322,15.3486,0.3017,71.4933,1.7861,151.5861,57.1321,29.0806,6.1335,7.7455,7.866,21.335,0.9207,19.0656,3.4053,17.8089,11.6586,20.8546,6.3399,16.8411,6.3447,636.9393,7732.573,148.6236,661.4213,15.3521,90.2507,85.3303,608.2411,336.5767,2311.1485,60.3796,1404.5846,130.81,242.7639,87.7439,5358.1525,25.6125,92.9991,1.2641,0.0099,1.3118,0.0049,24.8554,115.0331,27.8666,162.8326,28.4218,63.6696,25.8783,52.4855,45.7087,260.8779,44.8467,310.0496,4.2385,6.9098,4.5336,6.1155,0.1696,0.0018,0.1246,0.0024,0.0014,0,0.0014,0,5.7812,0.6776,5.7183,0.816,2.2454,0.9122,0.7891,0.0708,1.2346,0.1218,1.4746,0.0532,0.2274,0.005,0.0774,0.0018,0.0545,0.0003,0.0376,0.0002,0.0153,0.0008,0.0314,0.0298,30.107,89.0996,29.3303,73.5939,33.4898,97.3574,31.9988,81.4007,16.3302,42.4063,17.8733,44.8011"
"E9,""Tigray, Ethiopia"",39.421507,14.412847,1,0,0,0,1,1,0,0,0,0,0,0,0,0,0,0,0,134.75,467.6875,0,0,0,0,1995.3902,226669.0774,7.7463,39.6881,11.7981,1.2681,6.1346,0.0452,0.2979,0.0009,0.1514,0.0011,18.8175,6.4219,15.3582,0.2904,71.4021,1.7301,151.8519,55.8294,29.0302,6.2003,7.6553,7.9739,21.3749,0.8938,19.0169,3.4425,17.7412,11.8877,20.7944,6.4349,16.7749,6.4564,636.7901,7610.008,149.2982,680.8271,15.0588,88.0146,85.9284,610.1474,337.9924,2386.3661,59.259,1389.1158,131.0539,248.3022,86.3842,5337.2949,26.1801,90.2003,1.2606,0.0098,1.3092,0.005,24.9937,114.4736,28.0529,164.2248,28.4898,63.4186,25.8619,52.1811,45.4883,258.2075,44.6628,306.503,4.2217,6.4543,4.6276,6.0269,0.1696,0.0018,0.1236,0.0023,0.0014,0,0.0015,0,5.7533,0.6413,5.6863,0.7763,2.2662,0.8902,0.7943,0.0708,1.2204,0.1227,1.4641,0.0608,0.2277,0.0051,0.0763,0.0016,0.055,0.0003,0.0378,0.0002,0.0156,0.0008,0.0323,0.0308,30.2347,87.0285,29.461,72.3401,33.6171,94.8465,32.2715,80.671,16.4126,41.3298,17.9899,43.6728"
"E10,""Tigray, Ethiopia"",39.422282,14.412037,1,0,1,0,1,1,0,0,0,0,0,0,0,1,1,0,0,164.75,467.6875,0,0,164.75,467.6875,1995.156,227456.1615,7.7476,39.7148,11.7981,1.2681,6.1343,0.0454,0.298,0.0009,0.1514,0.0011,18.8181,6.449,15.3571,0.2911,71.3993,1.7284,151.8714,56.0137,29.0304,6.2211,7.6561,8.0125,21.3742,0.8933,19.016,3.4497,17.7443,11.9535,20.7948,6.4606,16.7749,6.481,636.7791,7617.9065,149.2517,682.7792,15.0481,87.8576,85.9087,610.5332,337.9309,2386.7062,59.2425,1387.7761,131.0419,249.5997,86.4551,5348.9032,26.1949,90.071,1.2605,0.0098,1.3092,0.005,24.9909,114.4447,28.0521,164.3569,28.4974,63.4893,25.8652,52.2637,45.4836,257.9908,44.6585,306.2751,4.2241,6.4543,4.6353,6.0448,0.1696,0.0018,0.1235,0.0023,0.0015,0,0.0015,0,5.7531,0.6414,5.6861,0.7764,2.2656,0.8891,0.7939,0.0708,1.2201,0.1228,1.4637,0.0612,0.2276,0.0051,0.0762,0.0016,0.055,0.0003,0.0378,0.0002,0.0157,0.0008,0.0329,0.0315,30.2347,86.8944,29.4638,72.2804,33.6077,94.6757,32.2746,80.5926,16.4065,41.2624,17.9866,43.611"
"E11,""Tigray, Ethiopia"",39.429919,14.414451,1,0,1,0,1,1,0,0,0,0,0,0,0,1,1,0,0,209.75,242.6875,0,0,194.75,467.6875,1988.7625,236351.9275,7.8451,40.1601,11.7981,1.2681,6.1284,0.047,0.2982,0.001,0.1506,0.0011,18.8496,6.6912,15.3379,0.305,71.3994,1.7411,151.9803,59.5444,29.0505,6.4063,7.7035,8.3821,21.3471,0.9083,19.0308,3.5244,17.8072,12.5367,20.8239,6.6924,16.8018,6.6899,636.8421,7824.0921,148.3554,700.4268,15.0632,86.9258,85.3225,617.986,336.2949,2405.2681,59.6878,1390.3968,130.8099,261.2124,88.0937,5494.0847,26.1671,90.279,1.26,0.0098,1.3091,0.005,24.9283,113.9522,27.9658,164.037,28.5745,64.2014,25.9288,52.841,45.4786,256.6862,44.6805,304.4253,4.2425,6.461,4.6997,6.1821,0.1695,0.0018,0.1232,0.0023,0.0015,0,0.0016,0,5.7532,0.6392,5.6858,0.7749,2.2657,0.883,0.7931,0.0709,1.2198,0.121,1.4639,0.061,0.2271,0.0052,0.0756,0.0016,0.0551,0.0003,0.0378,0.0002,0.0164,0.0009,0.0372,0.0366,30.2514,86.2057,29.493,72.0744,33.5905,93.5985,32.2824,79.9704,16.3831,40.896,17.9622,43.256"
"E12,""Tigray, Ethiopia"",39.432873,14.411326,1,0,1,0,1,1,0,0,0,0,0,0,0,1,1,0,0,164.75,467.6875,0,0,179.75,842.6875,1988.6198,239175.7818,7.8629,40.2658,11.7981,1.2681,6.127,0.0475,0.2983,0.001,0.1505,0.0011,18.8496,6.7818,15.3345,0.3071,71.387,1.7321,152.0494,60.1464,29.0496,6.4768,7.7039,8.5077,21.3458,0.9075,19.0288,3.5563,17.8144,12.7409,20.8238,6.7797,16.8001,6.7728,636.8074,7843.5214,148.2214,707.8513,15.0247,86.3813,85.2621,619.7304,336.1017,2418.9356,59.6292,1387.3019,130.7752,265.7411,88.3036,5526.0924,26.2297,90.0374,1.2595,0.0098,1.3088,0.005,24.9314,113.6551,27.9692,163.9621,28.6103,64.3202,25.9516,52.9418,45.4414,255.7935,44.6531,303.2511,4.2491,6.4207,4.7267,6.2088,0.1695,0.0018,0.1231,0.0023,0.0015,0,0.0016,0,5.7506,0.6356,5.6826,0.7713,2.2682,0.8797,0.7936,0.071,1.2183,0.1207,1.4628,0.0617,0.2271,0.0052,0.0754,0.0015,0.0552,0.0003,0.0378,0.0002,0.0167,0.001,0.0384,0.038,30.2724,85.7245,29.518,71.819,33.6011,93.0543,32.3176,79.7196,16.387,40.6759,17.9697,43.0216"
"E8,""Tigray, Ethiopia"",39.424274,14.415228,1,0,0,0,1,1,0,0,0,0,0,0,0,0,0,0,0,149.75,242.6875,0,0,0,0,1991.8562,229993.5193,7.7849,39.8572,11.7981,1.2681,6.1324,0.0459,0.298,0.0009,0.151,0.0011,18.8357,6.5104,15.3501,0.2964,71.4085,1.7338,151.8822,57.0116,29.0429,6.268,7.6813,8.1132,21.3617,0.9007,19.0265,3.466,17.773,12.1132,20.8113,6.5188,16.7912,6.532,636.9259,7696.5296,148.8861,685.5958,15.0901,87.7498,85.6386,612.7235,337.257,2380.5468,59.5348,1390.0823,130.9529,251.9655,87.1876,5404.9892,26.1276,90.3696,1.2606,0.0098,1.3093,0.005,24.9618,114.2694,28.0114,164.0246,28.524,63.7414,25.8927,52.4376,45.4917,257.6302,44.6731,305.7667,4.2316,6.4864,4.6491,6.1119,0.1696,0.0018,0.1236,0.0023,0.0015,0,0.0015,0,5.755,0.6435,5.6881,0.779,2.2645,0.889,0.7934,0.0708,1.2212,0.1221,1.4648,0.0604,0.2275,0.0051,0.0761,0.0016,0.055,0.0003,0.0378,0.0002,0.0159,0.0008,0.0338,0.0326,30.236,86.838,29.4698,72.3323,33.5951,94.5422,32.2566,80.4433,16.3939,41.233,17.9715,43.5762"
"E14,""Tigray, Ethiopia"",39.423954,14.415036,1,0,1,0,1,1,0,0,0,0,0,0,0,1,1,0,0,149.75,242.6875,0,0,134.75,467.6875,1992.6714,229179.4158,7.7791,39.8511,11.7981,1.2681,6.1328,0.0458,0.298,0.0009,0.151,0.0011,18.8313,6.4868,15.3514,0.2948,71.4089,1.7332,151.8689,56.6977,29.039,6.2477,7.6758,8.0777,21.3633,0.8991,19.0239,3.4579,17.7664,12.0626,20.807,6.4957,16.7871,6.5117,636.9206,7681.848,148.9413,683.5562,15.0896,87.809,85.6752,612.2782,337.3372,2377.6335,59.5097,1390.5097,130.9753,251.146,87.0681,5392.8445,26.1296,90.3494,1.2606,0.0098,1.3093,0.005,24.9647,114.3392,28.0157,164.108,28.5149,63.6982,25.8847,52.4025,45.4966,257.8261,44.6769,306.0115,4.2293,6.4809,4.6451,6.0949,0.1696,0.0018,0.1236,0.0023,0.0015,0,0.0015,0,5.7547,0.643,5.6878,0.7784,2.2645,0.8892,0.7935,0.0708,1.2211,0.1222,1.4647,0.0605,0.2275,0.0051,0.0762,0.0016,0.055,0.0003,0.0378,0.0002,0.0158,0.0008,0.0335,0.0323,30.2323,86.8863,29.465,72.3455,33.5965,94.5989,32.2565,80.4929,16.3957,41.2544,17.9731,43.6009"
"E15,""Tigray, Ethiopia"",39.423223,14.415877,1,0,1,0,1,1,0,0,0,0,0,0,0,1,1,0,0,164.75,467.6875,0,0,164.75,467.6875,1992.8368,228566.3541,7.7734,39.7898,11.7981,1.2681,6.1332,0.0456,0.298,0.0009,0.1511,0.0011,18.8307,6.4663,15.3524,0.2945,71.411,1.7355,151.8559,56.5742,29.0389,6.2315,7.6748,8.0488,21.3641,0.8996,19.024,3.4513,17.7637,12.0135,20.8065,6.4757,16.7869,6.4928,636.919,7674.4761,148.9989,681.9962,15.0907,87.8882,85.7116,611.7244,337.4516,2373.8222,59.4926,1390.6622,130.9805,250.3311,86.9842,5386.8651,26.1158,90.4432,1.2607,0.0098,1.3094,0.005,24.9707,114.3892,28.021,164.0484,28.5069,63.607,25.8815,52.3471,45.4981,258.0038,44.6755,306.2328,4.2283,6.4942,4.6367,6.0742,0.1696,0.0018,0.1236,0.0023,0.0015,0,0.0015,0,5.7556,0.6441,5.6888,0.7795,2.2646,0.8904,0.7936,0.0708,1.2214,0.1222,1.4649,0.0602,0.2276,0.0051,0.0762,0.0016,0.055,0.0003,0.0378,0.0002,0.0158,0.0008,0.0334,0.0321,30.2316,87.0056,29.4609,72.3771,33.6039,94.764,32.254,80.5584,16.4013,41.3185,17.9761,43.6696"
"E16,""Tigray, Ethiopia"",39.419576,14.417104,1,0,1,0,1,1,0,0,0,0,0,0,0,1,1,0,0,134.75,467.6875,0,0,134.75,467.6875,1993.5761,226368.408,7.7345,39.5844,11.7981,1.2681,6.1352,0.0451,0.2978,0.0009,0.1513,0.0011,18.8283,6.3992,15.3582,0.2918,71.4161,1.7447,151.8061,56.1122,29.0397,6.1838,7.669,7.9501,21.3707,0.8972,19.0247,3.4337,17.7505,11.8296,20.8047,6.4132,16.7863,6.4318,636.8074,7625.844,149.2509,678.3821,15.1027,88.5222,85.8742,609.7035,337.9086,2376.1179,59.3982,1391.9695,131.0173,247.5618,86.507,5335.588,26.0814,90.5331,1.2612,0.0098,1.3097,0.005,24.9766,114.5813,28.0306,164.0067,28.4776,63.4098,25.8645,52.2056,45.5199,258.6105,44.6841,307.1037,4.2252,6.5429,4.6069,6.0453,0.1696,0.0018,0.1238,0.0023,0.0014,0,0.0015,0,5.7584,0.6491,5.6922,0.7847,2.2621,0.8946,0.7932,0.0708,1.2228,0.1228,1.4657,0.0596,0.2277,0.0051,0.0765,0.0016,0.0549,0.0003,0.0378,0.0002,0.0155,0.0008,0.0319,0.0304,30.2133,87.4172,29.4391,72.5627,33.5926,95.358,32.2228,80.8302,16.3981,41.5392,17.9707,43.8909"
"E17,""Tigray, Ethiopia"",39.309908,14.272498,1,0,1,0,1,1,0,0,0,0,0,0,0,1,1,0,0,149.75,842.6875,0,0,149.75,842.6875,2064.4174,131370.2202,5.9237,25.2526,11.7981,1.2681,6.2183,0.0156,0.2918,0.0003,0.1696,0.0009,18.5468,4.6094,15.6656,0.1358,70.8417,1.3445,153.1307,33.3127,29.0446,5.5163,7.0765,4.6263,21.968,0.5421,18.9258,3.0935,16.99,5.6027,20.5895,4.8623,16.5734,5.1182,628.4677,3189.6823,166.9901,541.5692,12.7115,78.568,98.8056,381.7392,373.0432,2887.8454,45.2037,952.0003,128.9593,374.1159,54.5633,1802.1747,27.9769,69.2325,1.2686,0.0094,1.3145,0.005,25.5234,125.6509,28.758,189.4722,27.1443,51.3761,24.3225,47.739,46.1417,278.7949,45.3768,356.7084,4.0746,5.7807,3.9297,3.2584,0.1667,0.0018,0.1211,0.0025,0.0012,0,0.0009,0,5.761,0.615,5.6902,0.7176,2.2262,0.8728,0.7826,0.0681,1.2092,0.1504,1.4435,0.087,0.2221,0.0052,0.0762,0.0016,0.0533,0.0004,0.0364,0.0002,0.0112,0,0.0066,0,29.4253,95.5154,28.5083,75.1684,33.3003,103.1668,31.9521,88.4375,16.4286,44.0456,18.0083,48.6207"
"E18,""Tigray, Ethiopia"",39.301506,14.268513,1,0,1,0,1,1,0,0,0,0,0,0,0,1,1,0,0,149.75,242.6875,0,0,149.75,242.6875,2061.4946,129953.0395,5.8131,24.0271,11.7981,1.2681,6.2216,0.0146,0.2913,0.0003,0.1706,0.0009,18.5718,4.6274,15.6807,0.1341,70.8144,1.3194,153.2587,33.5388,29.0873,5.5967,7.0899,4.6113,21.9974,0.531,18.9445,3.115,17.0001,5.5042,20.619,4.8956,16.6033,5.1504,628.1557,3001.5107,167.9062,540.5734,12.5567,77.7664,99.4743,368.1229,375.1222,2920.8541,44.4453,920.1913,128.4464,396.0561,53.2551,1643.735,27.9745,68.1707,1.2696,0.0094,1.3153,0.005,25.5094,126.248,28.7476,190.6858,27.1008,51.1291,24.2835,47.7156,46.1981,279.967,45.4244,359.3448,4.0751,5.842,3.8996,3.1934,0.1665,0.0018,0.1211,0.0025,0.0012,0,0.0009,0,5.7682,0.6208,5.6982,0.7231,2.2193,0.8736,0.7805,0.0679,1.2118,0.151,1.445,0.0865,0.2215,0.0052,0.0763,0.0016,0.0532,0.0004,0.0363,0.0002,0.0112,0,0.0066,0,29.3574,96.1013,28.4395,75.4913,33.2501,103.5569,31.8811,88.5672,16.4045,44.2272,17.9808,48.912"
"E19,""Tigray, Ethiopia"",39.31167,14.269629,1,0,1,0,1,1,0,0,0,0,0,0,0,1,1,0,0,179.75,242.6875,0,0,179.75,242.6875,2066.4604,131231.851,5.9418,25.3057,11.7981,1.2681,6.2178,0.0157,0.2919,0.0004,0.1698,0.0009,18.5344,4.61,15.6639,0.1357,70.8368,1.3329,153.1282,33.1276,29.031,5.5128,7.0639,4.6216,21.9672,0.5402,18.916,3.09,16.9776,5.6176,20.5766,4.8605,16.5606,5.1218,628.3764,3192.2991,167.0422,542.8927,12.6605,77.6829,98.8754,381.3919,373.1203,2886.6654,45.0663,946.2212,128.9858,373.7,54.4616,1809.5546,28.0305,68.6145,1.2683,0.0094,1.3143,0.005,25.5304,125.7628,28.776,190.4421,27.1439,51.3799,24.3025,47.6939,46.1333,278.9414,45.3774,357.5244,4.0723,5.6882,3.9416,3.2609,0.1666,0.0019,0.1209,0.0024,0.0012,0,0.0009,0,5.759,0.608,5.6875,0.7095,2.2272,0.8679,0.7826,0.068,1.2081,0.1503,1.4429,0.0879,0.2218,0.0052,0.076,0.0016,0.0533,0.0004,0.0364,0.0002,0.0113,0,0.0066,0,29.4042,95.3799,28.4914,75.1697,33.2932,102.6902,31.9657,88.3159,16.427,43.8511,18.012,48.4608"
"E20,""Tigray, Ethiopia"",39.278122,14.28514,1,0,1,0,1,1,0,0,0,0,0,0,0,1,1,0,0,119.75,842.6875,0,0,119.75,842.6875,2041.6592,131103.6646,5.5821,21.7209,11.7981,1.2681,6.2289,0.0128,0.2901,0.0003,0.171,0.0009,18.6992,4.7004,15.7092,0.1338,70.8245,1.3919,153.4242,35.9202,29.2435,5.7637,7.2093,4.6993,22.0342,0.5383,19.0402,3.2006,17.1149,5.4089,20.7556,5.0037,16.7395,5.2078,628.8248,2819.1111,168.5547,531.6143,12.7388,83.3738,99.706,359.4068,377.0527,2964.1255,44.614,933.8025,127.6369,423.3688,52.6852,1466.9204,27.5321,70.7343,1.2725,0.0094,1.3173,0.0049,25.5145,126.5462,28.6991,186.1357,27.0791,50.8029,24.3974,47.7222,46.2299,280.495,45.3594,357.3815,4.0706,6.4982,3.7781,3.1348,0.167,0.0018,0.1228,0.0026,0.0012,0,0.0009,0,5.7865,0.6727,5.723,0.7799,2.2076,0.9027,0.7775,0.0676,1.2206,0.1516,1.4508,0.079,0.2224,0.005,0.0781,0.0018,0.0529,0.0004,0.0364,0.0002,0.011,0,0.0066,0,29.4823,98.5193,28.5272,76.5345,33.304,107.1558,31.7298,88.9488,16.431,45.7711,17.9731,50.3718"
"E21,""Tigray, Ethiopia"",39.276919,14.282622,1,0,1,0,1,0,1,0,0,0,0,0,0,1,0,0,1,119.75,842.6875,0,0,119.75,842.6875,2041.8049,130721.2465,5.5682,21.5269,11.7981,1.2681,6.2292,0.0127,0.29,0.0003,0.1712,0.0009,18.7008,4.7051,15.7121,0.1332,70.8156,1.3804,153.4609,35.8871,29.2489,5.7811,7.208,4.6947,22.0409,0.5344,19.0414,3.2049,17.114,5.3979,20.7581,5.0111,16.742,5.2176,628.7755,2792.0497,168.7746,531.0752,12.6899,82.8427,99.8717,356.0481,377.5432,2964.617,44.4116,924.6964,127.5376,427.5132,52.3978,1441.8663,27.5415,70.0849,1.2725,0.0094,1.3174,0.0049,25.5071,126.724,28.6909,186.7079,27.0715,50.8115,24.3799,47.744,46.2448,280.6803,45.3824,358.0824,4.0687,6.4675,3.7809,3.1475,0.1669,0.0018,0.1226,0.0026,0.0012,0,0.0009,0,5.786,0.671,5.7224,0.7774,2.2069,0.8999,0.7769,0.0674,1.2205,0.1517,1.4507,0.0793,0.2222,0.005,0.0779,0.0018,0.0529,0.0004,0.0363,0.0002,0.011,0,0.0066,0,29.4697,98.5964,28.5172,76.6475,33.2897,107.0244,31.7198,88.9109,16.4231,45.7337,17.9669,50.3759"
"E22,""Tigray, Ethiopia"",39.27394,14.287007,1,0,1,0,1,1,0,0,0,0,0,0,0,1,1,0,0,119.75,242.6875,0,0,149.75,242.6875,2038.1234,131355.4413,5.5441,21.3883,11.7981,1.2681,6.2302,0.0126,0.2899,0.0003,0.1711,0.0009,18.7229,4.7198,15.7149,0.1336,70.826,1.4019,153.4595,36.4104,29.2732,5.8028,7.2312,4.7193,22.042,0.5384,19.0584,3.2241,17.1365,5.4001,20.7812,5.0304,16.7651,5.2264,629.0381,2802.6237,168.7381,529.1071,12.7617,84.3301,99.7877,357.7158,377.5549,2965.138,44.6116,936.7704,127.4762,428.1176,52.5515,1441.6292,27.4513,70.7537,1.273,0.0094,1.3178,0.0048,25.5205,126.7086,28.7007,185.7807,27.082,50.8078,24.4162,47.7338,46.2249,280.5555,45.3361,357.3444,4.0678,6.5959,3.7599,3.1598,0.167,0.0018,0.123,0.0026,0.0012,0,0.0009,0,5.7889,0.6812,5.7266,0.7886,2.2049,0.9054,0.7764,0.0673,1.2218,0.1518,1.4515,0.0779,0.2224,0.005,0.0783,0.0018,0.0529,0.0004,0.0364,0.0002,0.011,0,0.0066,0,29.5044,99.0465,28.5457,76.8669,33.3061,107.6413,31.6987,88.8703,16.4323,45.997,17.9725,50.604"
"E23,""Tigray, Ethiopia"",39.278839,14.294839,1,0,1,0,1,1,0,0,0,0,0,0,0,1,1,0,0,149.75,842.6875,0,0,149.75,842.6875,2038.693,132738.7101,5.5947,21.9497,11.7981,1.2681,6.2286,0.0131,0.2901,0.0003,0.1701,0.0009,18.7095,4.7029,15.7028,0.1361,70.8572,1.438,153.3326,36.5683,29.245,5.744,7.2292,4.7291,22.0157,0.5529,19.0495,3.2103,17.1336,5.4421,20.7643,5.0043,16.7478,5.1933,629.0964,2922.5161,167.8869,529.3973,12.9392,85.9737,99.1662,368.7545,375.597,2951.4812,45.3532,967.9297,127.9235,408.5701,53.6313,1536.0353,27.4049,72.516,1.2724,0.0095,1.3171,0.0048,25.5791,126.076,28.7659,183.8284,27.1171,50.6999,24.4787,47.5046,46.1303,279.7139,45.2156,354.5002,4.0666,6.6371,3.7581,3.1111,0.1674,0.0018,0.1234,0.0026,0.0012,0,0.0009,0,5.7863,0.6837,5.7242,0.793,2.212,0.9123,0.7793,0.0677,1.2202,0.1513,1.4506,0.0768,0.2234,0.005,0.0787,0.0018,0.053,0.0004,0.0366,0.0002,0.011,0,0.0067,0,29.5851,98.7354,28.6131,76.4607,33.3991,107.8835,31.777,88.8913,16.4871,46.0412,18.0234,50.5022"
"E24,""Tigray, Ethiopia"",39.278115,14.29267,1,0,1,0,1,1,0,0,0,0,0,0,0,1,1,0,0,194.75,467.6875,0,0,179.75,842.6875,2038.941,132405.8209,5.5856,21.8364,11.7981,1.2681,6.2288,0.013,0.29,0.0003,0.1704,0.0009,18.7102,4.7063,15.7054,0.1355,70.848,1.4273,153.3653,36.4553,29.2491,5.7563,7.2269,4.7256,22.0222,0.5492,19.0498,3.2113,17.1314,5.433,20.7657,5.0093,16.7492,5.2007,629.0187,2884.285,168.0878,529.8863,12.8856,85.3353,99.3252,365.692,376.05,2957.0902,45.1442,957.9701,127.8227,413.4434,53.3459,1510.94,27.4312,71.9464,1.2725,0.0095,1.3172,0.0048,25.5557,126.1684,28.7394,184.2352,27.1099,50.7748,24.4645,47.5991,46.1612,279.8848,45.2562,355.0897,4.0692,6.6242,3.7622,3.1274,0.1673,0.0018,0.1233,0.0026,0.0012,0,0.0009,0,5.7872,0.6825,5.7249,0.7916,2.2102,0.9109,0.7787,0.0677,1.2208,0.1514,1.4509,0.0771,0.2231,0.005,0.0786,0.0018,0.053,0.0004,0.0365,0.0002,0.011,0,0.0066,0,29.5582,98.6964,28.5912,76.4879,33.3704,107.7765,31.7567,88.9153,16.4692,46.0079,18.0059,50.4951"
"E25,""Tigray, Ethiopia"",39.277503,14.293606,1,0,1,0,1,1,0,0,0,0,0,0,0,1,1,0,0,149.75,842.6875,0,0,149.75,842.6875,2038.6659,132485.225,5.5823,21.814,11.7981,1.2681,6.229,0.0129,0.29,0.0003,0.1703,0.0009,18.7122,4.708,15.7056,0.1355,70.85,1.4307,153.3623,36.539,29.2512,5.7591,7.2293,4.7282,22.0219,0.5497,19.0514,3.2143,17.1333,5.4303,20.7678,5.0119,16.7513,5.2015,629.0288,2885.2237,168.0702,529.0978,12.8986,85.6066,99.3075,365.7567,376.0174,2956.0824,45.1787,959.9337,127.8228,413.2888,53.3648,1508.5696,27.409,72.0491,1.2725,0.0095,1.3172,0.0048,25.5613,126.1658,28.7461,184.0706,27.1118,50.7769,24.4712,47.5784,46.1539,279.8773,45.2428,354.8895,4.0679,6.6408,3.7595,3.1273,0.1674,0.0018,0.1234,0.0026,0.0012,0,0.0009,0,5.7874,0.6839,5.7253,0.7933,2.2102,0.9118,0.7787,0.0677,1.2208,0.1514,1.4509,0.077,0.2232,0.005,0.0786,0.0018,0.053,0.0004,0.0365,0.0002,0.011,0,0.0066,0,29.5668,98.7483,28.5983,76.506,33.3769,107.8523,31.7582,88.8981,16.4731,46.0407,18.0098,50.5163"
"E26,""Tigray, Ethiopia"",39.35822,14.434511,1,0,1,0,1,1,0,0,0,0,0,0,0,1,1,0,0,149.75,242.6875,0,0,149.75,242.6875,2009.7566,179773.565,7.1056,35.8138,11.7981,1.2681,6.1733,0.0326,0.295,0.0007,0.1554,0.0011,18.7745,5.1918,15.469,0.2348,71.4748,1.827,151.2435,46.0566,29.0573,5.4414,7.5478,6.0302,21.5095,0.8481,19.0419,3.16,17.5001,8.4,20.7675,5.3174,16.7638,5.3827,634.7653,6505.7982,154.0979,565.5925,15.2762,96.701,89.0336,545.6285,346.5646,2365.6904,57.4504,1367.0533,131.5008,197.1464,77.0162,4163.5624,25.693,95.8986,1.2693,0.01,1.314,0.0048,25.2943,118.4716,28.444,164.4733,27.9609,58.4271,25.5571,49.1164,45.6805,268.3497,44.5812,321.7536,4.1563,7.3623,4.0685,5.0034,0.1703,0.0018,0.1272,0.0027,0.0012,0,0.001,0,5.8005,0.7313,5.7442,0.8681,2.2292,0.9617,0.789,0.0699,1.2392,0.1341,1.4729,0.0526,0.2294,0.0047,0.0814,0.002,0.0539,0.0004,0.0376,0.0002,0.0117,0.0001,0.0109,0.0049,30.0198,94.4762,29.1413,75.1184,33.5793,105.4541,31.8554,84.9813,16.4756,45.2923,18.0085,47.8275"
"E27,""Tigray, Ethiopia"",39.357959,14.43498,0,0,1,0,0,0,0,0,0,0,0,0,0,1,1,0,0,0,0,0,0,149.75,242.6875,2009.6266,179726.4668,7.1009,35.774,11.7981,1.2681,6.1736,0.0325,0.295,0.0007,0.1555,0.0011,18.7751,5.1907,15.4695,0.2347,71.4755,1.8279,151.2402,46.088,29.0582,5.4429,7.5482,6.0266,21.51,0.848,19.0427,3.1618,17.4995,8.3871,20.7682,5.317,16.7645,5.3817,634.6964,6492.7022,154.1178,564.8176,15.2789,96.7628,89.0513,544.7976,346.5936,2364.8374,57.4386,1366.1426,131.5049,196.833,76.9482,4151.4264,25.6835,95.9494,1.2693,0.01,1.3141,0.0048,25.2982,118.5242,28.4471,164.4627,27.9551,58.3711,25.5539,49.0708,45.6819,268.5044,44.5817,321.936,4.1543,7.3628,4.0641,4.9849,0.1703,0.0018,0.1272,0.0027,0.0012,0,0.001,0,5.8009,0.7316,5.7447,0.8683,2.2295,0.9621,0.7891,0.0699,1.2393,0.134,1.4731,0.0524,0.2295,0.0047,0.0814,0.002,0.0538,0.0004,0.0376,0.0002,0.0117,0.0001,0.0108,0.0047,30.021,94.5647,29.1402,75.1532,33.5865,105.5394,31.8552,85.0112,16.4806,45.3289,18.0119,47.8687"
"E28,""Tigray, Ethiopia"",39.357063,14.43584,1,0,1,0,1,1,0,0,0,0,0,0,0,1,1,0,0,149.75,242.6875,0,0,149.75,242.6875,2009.0123,179650.4054,7.0868,35.6661,11.7981,1.2681,6.1742,0.0324,0.2949,0.0007,0.1555,0.0011,18.778,5.1871,15.4704,0.2347,71.479,1.8332,151.2329,46.2089,29.0617,5.4452,7.5514,6.0183,21.5103,0.8485,19.0457,3.1646,17.4999,8.3585,20.7712,5.3152,16.7678,5.3783,634.5762,6466.8602,154.1508,563.4421,15.2906,97.0008,89.0766,543.5237,346.6292,2364.9689,57.4347,1365.209,131.4886,196.849,76.8333,4126.5028,25.6483,96.286,1.2696,0.01,1.3143,0.0048,25.2982,118.6057,28.4489,164.4875,27.9437,58.2852,25.5494,49.0756,45.6926,268.7053,44.5844,322.2796,4.1563,7.4083,4.0517,4.9601,0.1703,0.0018,0.1273,0.0027,0.0012,0,0.001,0,5.8032,0.7351,5.7474,0.872,2.2273,0.9641,0.7886,0.0699,1.2401,0.1343,1.4733,0.0523,0.2294,0.0047,0.0815,0.002,0.0538,0.0004,0.0376,0.0002,0.0117,0.0001,0.0108,0.0047,30.0082,94.6977,29.1259,75.1823,33.5744,105.7796,31.838,85.0996,16.4749,45.4185,18.0051,47.97"
"E30,""Tigray, Ethiopia"",39.380183,14.425449,0,0,1,0,0,0,0,0,0,0,0,0,0,1,1,0,0,0,0,0,0,164.75,467.6875,2008.1429,193106.998,7.342,37.3682,11.7981,1.2681,6.1606,0.037,0.2962,0.0008,0.1541,0.0011,18.7693,5.5228,15.4333,0.2492,71.4517,1.7807,151.3885,47.4925,29.0279,5.6096,7.5616,6.5722,21.4663,0.8598,19.0172,3.207,17.5594,9.4582,20.7561,5.6053,16.7482,5.675,635.7555,6879.7326,152.5714,600.3232,15.187,93.3158,88.041,568.5962,343.9,2335.5899,58.0265,1375.8103,131.4832,208.8847,80.1221,4606.982,25.8671,93.6287,1.266,0.01,1.312,0.0048,25.1947,116.8986,28.3166,164.0953,28.1408,60.1136,25.6567,50.0216,45.6114,264.8278,44.6125,316.3045,4.1782,6.9941,4.2592,5.3908,0.1702,0.0018,0.126,0.0025,0.0013,0,0.0011,0,5.7827,0.697,5.7221,0.8334,2.2447,0.9386,0.7921,0.0704,1.2328,0.1302,1.4702,0.0553,0.2292,0.0048,0.0797,0.0019,0.0543,0.0003,0.0377,0.0002,0.0128,0.0003,0.0166,0.0118,30.0892,91.758,29.2481,74.0631,33.6023,101.8448,32.0136,83.7123,16.4601,43.9072,18.0081,46.3204"
"E100,""Sindh, Pakistan"",67.478987,27.328687,0,1,1,0,0,0,0,0,1,1,0,0,1,0,1,0,0,0,0,82.88,273.6256,82.88,273.6256,344.8533,211912.0837,3.0857,21.5654,11.9033,1.246,5.5172,0.02,0.0648,0.0008,0.157,0.0004,25.2642,7.0671,16.6163,0.1202,43.8049,1.2321,725.8784,715.5336,42.6398,9.6813,5.1109,3.7755,37.5289,1.4134,32.1503,4.8287,22.5221,14.8427,33.3835,7.9988,14.9755,5.0936,138.4618,911.6762,37.5811,27.4949,1.4547,0.2654,89.0609,142.4754,78.1565,121.6471,10.949,3.3433,58.6909,440.2215,28.8522,135.9957,34.4999,88.1742,1.4021,0.008,1.4224,0.003,19,0,19.7023,2.2093,33.6233,41.4853,36.3256,24.5475,48.5116,55.232,42.9721,12.0283,5.893,19.8835,8.4884,55.232,0.1539,0.0003,0.1567,0,0.0232,0.0002,0.0422,0.0007,7.9433,0.0025,7.8865,0.0098,0.686,0.1571,0.1192,0.0108,1.75,0,1.49,0,0.08,0,0.0227,0.0004,0.05,0,0.05,0,0.2387,0.0433,1.4207,1.5335,26,0,28.2731,3.9258,22.2977,2.2093,22.8651,0.9819,10.4326,0.2455,9.4326,0.2455"
"E101,""Sindh, Pakistan"",67.564096,27.370887,0,0,1,0,0,0,0,0,0,0,0,0,0,1,0,0,1,0,0,0,0,97.2683,585.0256,265.1283,173003.2663,2.391,18.0523,11.9033,1.246,5.4884,0.0158,0.059,0.0007,0.1571,0.0005,25.7159,5.8299,16.5677,0.1223,43.4432,1.154,732.7664,570.9289,43.1828,7.9304,5.4545,3.1742,37.7284,1.1246,32.5219,4.0355,23.4095,20.8903,33.8983,6.5939,15.3195,4.2079,132.4304,790.4728,36.0695,31.1507,1.4479,0.2692,88.829,159.6182,75.3807,128.3348,11.1099,4.0599,53.9628,388.2481,27.3462,113.3455,33.2985,80.8183,1.4181,0.0073,1.4322,0.0027,19.0194,0.1933,19.991,2.3075,32.4976,38.3759,35.4576,22.6698,49.7884,51.9791,43.5514,11.8586,5.0871,18.298,7.1496,50.7617,0.1509,0.0003,0.1564,0,0.0258,0.0002,0.0469,0.0007,7.9342,0.0023,7.8691,0.009,0.6159,0.1444,0.1384,0.0102,1.75,0,1.49,0,0.0801,0,0.0263,0.0004,0.05,0,0.05,0,0.2753,0.0398,1.6389,1.4114,26,0,28.6223,3.6131,22.0632,2.5205,22.7159,1.2972,10.3512,0.2511,9.3589,0.3386"
"E102,""Sindh, Pakistan"",67.551483,27.381234,0,1,1,0,0,0,0,0,1,0,1,0,0,1,0,0,1,0,0,70.6667,95.5556,97.2683,585.0256,282.1385,183494.6512,2.5331,18.8988,11.9033,1.246,5.4918,0.0169,0.0599,0.0007,0.1558,0.0004,25.6228,6.2029,16.5593,0.1227,43.4676,1.1779,732.1124,593.9558,43.0808,8.4148,5.3915,3.3849,37.6893,1.1783,32.4559,4.2662,23.4262,21.1826,33.8033,6.9961,15.24,4.4849,133.6357,843.4188,36.083,31.4874,1.4727,0.2801,88.1153,154.0357,75.4942,133.2631,11.2033,4.0476,54.6869,412.4598,27.916,118.8413,33.5976,83.206,1.415,0.0075,1.4303,0.0028,19,0,19.9164,2.0768,32.6954,38.9973,35.6119,23.0753,49.5822,51.9195,43.4717,11.3069,5.2507,18.691,7.4178,51.9195,0.1514,0.0003,0.1564,0,0.0253,0.0002,0.0461,0.0007,7.9361,0.0023,7.8722,0.0092,0.6289,0.1477,0.1342,0.0102,1.75,0,1.49,0,0.08,0,0.0256,0.0004,0.05,0,0.05,0,0.2687,0.0407,1.5994,1.4406,26,0,28.559,3.6879,22.0836,2.0768,22.7224,0.923,10.3612,0.2308,9.3612,0.2308"
"E103,""Sindh, Pakistan"",67.551482,27.381233,0,0,1,0,0,0,0,0,0,0,0,0,0,1,0,0,1,0,0,0,0,97.2683,585.0256,282.1385,183494.6512,2.5331,18.8988,11.9033,1.246,5.4918,0.0169,0.0599,0.0007,0.1558,0.0004,25.6228,6.2029,16.5593,0.1227,43.4676,1.1779,732.1124,593.9558,43.0808,8.4148,5.3915,3.3849,37.6893,1.1783,32.4559,4.2662,23.4262,21.1826,33.8033,6.9961,15.24,4.4849,133.6357,843.4188,36.083,31.4874,1.4727,0.2801,88.1153,154.0357,75.4942,133.2631,11.2033,4.0476,54.6869,412.4598,27.916,118.8413,33.5976,83.206,1.415,0.0075,1.4303,0.0028,19,0,19.9164,2.0768,32.6954,38.9973,35.6119,23.0753,49.5822,51.9195,43.4717,11.3069,5.2507,18.691,7.4178,51.9195,0.1514,0.0003,0.1564,0,0.0253,0.0002,0.0461,0.0007,7.9361,0.0023,7.8722,0.0092,0.6289,0.1477,0.1342,0.0102,1.75,0,1.49,0,0.08,0,0.0256,0.0004,0.05,0,0.05,0,0.2687,0.0407,1.5994,1.4406,26,0,28.559,3.6879,22.0836,2.0768,22.7224,0.923,10.3612,0.2308,9.3612,0.2308"
"E104,""Sindh, Pakistan"",67.559375,27.376636,0,1,1,0,0,0,0,0,1,0,1,0,0,1,0,0,1,0,0,82.88,273.6256,97.2683,585.0256,271.9462,177274.5054,2.4432,18.3164,11.9033,1.246,5.4896,0.0163,0.0594,0.0007,0.1565,0.0005,25.6793,5.9795,16.5632,0.1225,43.4498,1.162,732.5607,578.0553,43.1435,8.1193,5.4304,3.2605,37.7131,1.1429,32.4967,4.1251,23.4297,21.0891,33.8617,6.7521,15.2877,4.3208,132.9032,812.6005,36.0517,31.3125,1.4591,0.2741,88.4901,157.3007,75.3896,130.5168,11.1555,4.0631,54.2304,398.4392,27.5909,115.555,33.4265,81.8118,1.4169,0.0074,1.4314,0.0028,19.0039,0.0388,19.9524,2.1052,32.5646,38.5343,35.5108,22.7938,49.7288,51.4799,43.5368,11.3188,5.1548,18.4507,7.2588,51.2384,0.151,0.0003,0.1563,0,0.0256,0.0002,0.0466,0.0007,7.935,0.0023,7.8702,0.0091,0.6207,0.1457,0.1365,0.0101,1.75,0,1.49,0,0.08,0,0.026,0.0004,0.05,0,0.05,0,0.273,0.0401,1.6249,1.4221,26,0,28.5998,3.6406,22.0584,2.1475,22.707,0.9899,10.3522,0.2328,9.3537,0.2503"
"E105,""Sindh, Pakistan"",67.418526,27.368732,0,0,1,0,0,0,0,0,0,0,0,0,0,1,0,0,1,0,0,0,0,97.2683,585.0256,426.8946,241988.9779,3.6275,23.0266,11.9033,1.246,5.5386,0.0245,0.0691,0.0009,0.1522,0.0003,24.8177,8.0996,16.5912,0.1201,43.953,1.2944,722.6179,758.961,42.1517,10.9679,4.7991,4.3721,37.3527,1.5357,31.8373,5.4292,22.4565,14.7431,32.9269,9.0553,14.5939,5.8893,144.0079,1050.3649,37.753,26.7963,1.5561,0.2956,86.3196,122.895,78.8615,129.7075,11.2371,3.2866,62.1927,495.6262,31.3915,152.782,35.5279,92.5561,1.3866,0.0081,1.4129,0.003,19,0,19.444,2.2471,34.7426,42.1952,37.1866,24.9676,47.2201,56.1771,42.3694,12.2341,6.668,20.2238,9.7799,56.1771,0.1569,0.0003,0.1571,0,0.0207,0.0002,0.0375,0.0007,7.9519,0.0025,7.9037,0.01,0.7549,0.1598,0.1011,0.011,1.75,0,1.49,0,0.08,0,0.0193,0.0004,0.05,0,0.05,0,0.2025,0.044,1.2051,1.5606,26,0,27.9282,3.9952,22.556,2.2471,23.0373,0.9987,10.5187,0.2497,9.5187,0.2497"
"E106,""Sindh, Pakistan"",67.620804,27.624278,0,1,1,0,0,0,0,0,1,1,0,0,0,1,1,0,0,0,0,82.88,273.6256,82.88,273.6256,250.887,148433.1445,2.3123,18.3914,11.9033,1.246,5.4536,0.0156,0.0546,0.0005,0.1391,0.0003,25.9055,5.1452,16.31,0.1309,42.7424,1.2525,741.9712,377.3205,43.4786,6.5346,5.7484,3.108,37.7302,0.7117,32.8539,3.2419,26.4607,33.4933,34.2169,5.6235,15.4024,3.8145,131.7865,802.5792,31.8256,44.3048,1.8983,0.4661,77.0649,172.173,68.1163,191.0413,12.9155,4.2432,50.174,463.992,31.1803,87.9312,33.1322,83.523,1.4207,0.0072,1.4338,0.0027,19,0,20.0124,1.9877,32.2797,37.3237,35.292,22.085,50.0619,49.6913,43.6956,10.8217,4.9628,17.8889,6.9381,49.6913,0.1503,0.0003,0.1562,0,0.0263,0.0002,0.0478,0.0006,7.9329,0.0022,7.8659,0.0088,0.6034,0.1413,0.1409,0.0097,1.75,0,1.49,0,0.08,0,0.0268,0.0004,0.05,0,0.05,0,0.2821,0.0389,1.6794,1.3782,26,0,28.6871,3.5283,21.9876,1.9877,22.6584,0.8834,10.3292,0.2209,9.3292,0.2209"
"E107,""Sindh, Pakistan"",67.56704,27.651288,0,1,1,0,0,0,0,0,1,1,0,0,0,1,1,0,0,0,0,82.88,273.6256,82.88,273.6256,318.5083,196268.2179,2.922,22.4332,11.9033,1.246,5.4679,0.0207,0.0582,0.0006,0.1373,0.0003,25.5232,6.8541,16.3117,0.1179,42.887,1.4126,739.6246,494.5056,43.0723,8.7516,5.4602,4.108,37.6121,0.9398,32.5796,4.4195,26.14,33.4083,33.8323,7.4642,15.0704,5.0849,136.9044,1020.124,32.5805,47.0961,1.9699,0.4492,76.1201,140.201,69.6809,222.1914,13.0865,3.6886,53.6339,553.0963,32.9793,105.2619,34.1633,95.2601,1.4093,0.0077,1.4268,0.0029,19,0,19.8211,2.1471,33.1088,40.3183,35.9298,23.857,49.1053,53.6783,43.2491,11.6899,5.5368,19.3242,7.8947,53.6783,0.1525,0.0003,0.1565,0,0.0244,0.0002,0.0443,0.0007,7.9393,0.0024,7.8786,0.0095,0.6544,0.1527,0.1275,0.0105,1.75,0,1.49,0,0.08,0,0.0243,0.0004,0.05,0,0.05,0,0.2553,0.0421,1.5198,1.4899,26,0,28.4316,3.8141,22.1789,2.1471,22.786,0.9543,10.393,0.2386,9.393,0.2386"
"E108,""Sindh, Pakistan"",67.557127,27.655616,0,1,1,0,0,0,0,0,1,1,0,0,0,1,1,0,0,0,0,82.88,273.6256,82.88,273.6256,331.6245,204681.299,3.0447,23.2265,11.9033,1.246,5.4707,0.0215,0.0589,0.0006,0.137,0.0003,25.4477,7.1677,16.3122,0.1154,42.9149,1.4369,739.1557,515.2237,42.9921,9.1581,5.403,4.2909,37.5892,0.9819,32.5242,4.6394,26.066,33.3477,33.7565,7.7999,15.0049,5.3198,137.8782,1058.6005,32.7319,47.4169,1.9819,0.4448,75.9924,135.015,69.996,227.18,13.1099,3.5932,54.2929,567.0212,33.3152,108.6758,34.3737,97.239,1.4071,0.0078,1.4254,0.0029,19,0,19.7847,2.1691,33.2661,40.7314,36.0508,24.1014,48.9237,54.2282,43.1644,11.8097,5.6458,19.5222,8.0763,54.2282,0.1529,0.0003,0.1566,0,0.024,0.0002,0.0437,0.0007,7.9405,0.0024,7.881,0.0096,0.6641,0.1542,0.1249,0.0106,1.75,0,1.49,0,0.08,0,0.0238,0.0004,0.05,0,0.05,0,0.2502,0.0425,1.4894,1.5053,26,0,28.3831,3.8536,22.2153,2.1691,22.8102,0.9641,10.4051,0.241,9.4051,0.241"
"E109,""Sindh, Pakistan"",67.573061,27.648347,0,1,1,0,0,0,0,0,1,1,0,0,0,1,1,0,0,0,0,82.88,273.6256,82.88,273.6256,310.1423,189953.7257,2.8514,21.9808,11.9033,1.246,5.4661,0.0201,0.0577,0.0006,0.1374,0.0003,25.572,6.6243,16.3117,0.119,42.8682,1.3919,739.9473,479.1786,43.1249,8.4498,5.4971,3.975,37.6277,0.9067,32.6165,4.2524,26.1843,33.3713,33.8816,7.2162,15.1125,4.9135,136.2893,993.3207,32.4846,46.7819,1.9626,0.4515,76.1988,143.482,69.4798,218.7891,13.0732,3.7428,53.2267,543.6803,32.7663,102.6118,34.0222,93.8988,1.4106,0.0077,1.4276,0.0029,19,0,19.8429,2.1326,33.014,40.0457,35.8569,23.6957,49.2146,53.3153,43.3001,11.6109,5.4712,19.1935,7.7854,53.3153,0.1522,0.0003,0.1565,0,0.0246,0.0002,0.0447,0.0007,7.9386,0.0024,7.8771,0.0095,0.6486,0.1517,0.129,0.0104,1.75,0,1.49,0,0.08,0,0.0246,0.0004,0.05,0,0.05,0,0.2584,0.0418,1.538,1.4797,26,0,28.4608,3.788,22.1571,2.1326,22.7714,0.9478,10.3857,0.237,9.3857,0.237"
"E110,""Sindh, Pakistan"",67.55433,27.886048,0,1,1,0,0,0,0,0,1,1,0,0,0,1,1,0,0,0,0,82.88,273.6256,82.88,273.6256,327.8694,188562.157,3.2145,26.0119,11.9033,1.246,5.4424,0.0233,0.056,0.0005,0.1268,0.0001,25.5731,6.8278,16.1485,0.1122,42.4439,1.6067,747.6028,461.061,43.2337,8.3908,5.6015,4.3625,37.6323,0.742,32.1672,11.9927,27.8556,30.4376,34.0148,7.3067,15.043,5.1215,139.5734,982.6529,30.755,56.212,2.4393,0.4113,68.5629,117.4355,65.4601,273.7382,14.3338,2.2606,53.6248,579.5147,36.8616,81.3147,34.0381,110.9407,1.4084,0.0078,1.4263,0.0029,19,0,19.8069,2.156,33.1701,40.4853,35.977,23.9558,49.0345,53.9006,43.2161,11.7384,5.5793,19.4042,7.9655,53.9006,0.1527,0.0003,0.1565,0,0.0242,0.0002,0.0441,0.0007,7.9398,0.0024,7.8795,0.0096,0.6582,0.1533,0.1265,0.0106,1.75,0,1.49,0,0.08,0,0.0241,0.0004,0.05,0,0.05,0,0.253,0.0423,1.5057,1.4972,26,0,28.4092,3.8329,22.1931,2.156,22.7954,0.9582,10.3977,0.2396,9.3977,0.2396"
"E111,""Sindh, Pakistan"",68.320769,27.427312,0,0,1,0,0,0,0,0,0,0,0,0,0,1,0,0,1,0,0,0,0,97.2683,585.0256,52.097,49.868,0.0913,0.0226,11.9033,1.246,5.5002,0.0014,0.0416,0,0.1902,0.0026,26.8534,0.0317,15.8052,0.2576,41.6999,0.4473,740.4477,96.0129,44.029,0.1097,6.5859,0.319,37.4431,0.5121,33.6166,1.7679,25.7267,25.5673,35.0396,0.0446,16.2371,0.0602,108.3789,47.9169,33.2001,67.4792,1.0448,0.7953,103.1147,762.3604,69.298,163.7358,8.1719,13.2994,41.5678,80.1825,19.4527,56.5554,29.1638,47.6231,1.4662,0.001,1.4702,0.0003,21.1708,17.1132,23.302,21.3241,31.7028,55.1973,34.6281,27.8468,48.1646,168.8185,41.0699,93.906,1.6957,2.5102,2.059,4.7719,0.1574,0.0011,0.1708,0.0009,0.0286,0.0001,0.0504,0.0007,7.8823,0.0028,7.8547,0.0093,0.4824,0.0685,0.2635,0.0139,1.7704,0.0123,1.5066,0.008,0.0863,0.0002,0.0414,0.0001,0.051,0,0.051,0,0.315,0.0321,1.8732,1.1404,25.9371,0.0893,28.9282,3.3658,24.8574,48.6106,25.3257,38.0368,10.9893,2.9357,10.9103,11.2099"
"E112,""Sindh, Pakistan"",68.311871,27.423026,0,0,1,0,0,0,0,0,0,0,0,0,0,1,0,0,1,0,0,0,0,97.2683,585.0256,51.8324,41.726,0.0882,0.0188,11.9033,1.246,5.4996,0.0014,0.0416,0,0.1901,0.0025,26.8515,0.0316,15.822,0.2565,41.7189,0.4491,740.7646,92.9003,44.0395,0.1078,6.5716,0.317,37.4679,0.5047,33.6211,1.5619,25.672,25.6046,35.042,0.0439,16.2318,0.0598,108.4836,47.0143,33.2302,66.9809,1.0444,0.7808,103.0953,753.1113,69.3888,161.8298,8.1946,13.0809,41.5783,78.7314,19.4318,55.3589,29.2667,47.3311,1.4667,0.0009,1.4705,0.0002,21.1652,17.0528,23.3076,21.1644,31.6808,54.3635,34.6109,27.3654,48.2064,167.8178,41.0815,93.2153,1.6756,2.2421,2.0176,4.0995,0.1573,0.0011,0.1707,0.0009,0.0288,0.0001,0.0507,0.0006,7.882,0.0026,7.8532,0.0089,0.4799,0.0671,0.264,0.0137,1.7682,0.011,1.5048,0.0071,0.0863,0.0002,0.0415,0,0.0509,0,0.0509,0,0.3173,0.0317,1.8872,1.1264,25.9428,0.0773,28.957,3.2873,24.8267,48.5742,25.3077,37.9804,10.9733,2.9077,10.8861,11.1567"
"E113,""Sindh, Pakistan"",68.304573,27.427655,0,0,1,0,0,0,0,0,0,0,0,0,0,1,0,0,1,0,0,0,0,97.2683,585.0256,51.6707,36.9294,0.0847,0.015,11.9033,1.246,5.4983,0.0014,0.0416,0,0.1887,0.0025,26.8552,0.0316,15.8241,0.2563,41.7186,0.4538,740.9793,90.7527,44.05,0.1071,6.575,0.3147,37.475,0.4992,33.6002,1.8004,25.7353,25.9986,35.0489,0.0439,16.2336,0.0592,108.5767,47.6772,33.0355,66.344,1.0665,0.7928,102.3916,754.72,69.0957,160.08,8.2981,13.1821,41.3658,77.3443,19.6217,56.7721,29.3417,47.2136,1.4674,0.0008,1.4709,0.0002,21.1646,16.9914,23.3175,21.0056,31.6282,54.0411,34.5726,27.0934,48.2678,167.4238,41.1099,92.9265,1.6432,1.9297,1.9639,3.2912,0.1571,0.0011,0.1706,0.0009,0.0289,0.0001,0.0509,0.0006,7.8819,0.0023,7.8528,0.0086,0.4768,0.0655,0.2647,0.0134,1.7684,0.0111,1.5049,0.0072,0.0863,0.0002,0.0416,0,0.0509,0,0.0509,0,0.3189,0.0313,1.8966,1.1141,25.9448,0.0609,28.9742,3.2233,24.8135,48.5491,25.298,37.9448,10.9709,2.905,10.8831,11.1552"
"E114,""Sindh, Pakistan"",68.756503,27.46001,0,0,1,0,0,0,0,0,0,0,0,0,0,1,0,0,1,0,0,0,0,134.75,467.6875,61.399,202.403,0.2073,0.0757,11.9033,1.246,5.5332,0.0006,0.0406,0,0.2267,0.0028,26.8619,0.0275,15.3345,0.1871,41.3933,0.432,724.8924,84.8844,43.5192,0.0811,6.9337,0.2418,36.5854,0.3473,34.1214,0.258,25.4614,16.6065,34.8298,0.0403,16.4182,0.0466,101.3034,65.3704,36.8323,62.3983,0.4893,0.4476,120.4989,660.1777,71.4971,207.3697,5.4902,9.7444,45.904,93.0047,15.2543,31.0031,25.3244,40.242,1.4525,0.0033,1.4691,0.0015,18.1782,59.7934,19.4825,76.6506,27.9343,153.0557,29.8179,145.0289,54.0716,407.0166,49.6997,412.6907,2.2166,9.7833,2.9671,22.9789,0.1447,0.0028,0.1507,0.0036,0.0171,0.0002,0.0291,0.0006,7.6504,0.2201,7.654,0.2821,0.5186,0.1126,0.2272,0.0211,1.8591,0.0695,1.6686,0.0366,0.0759,0.0006,0.0334,0.0002,0.0461,0.0005,0.0428,0.0007,0.1658,0.0315,0.9818,1.1122,23.198,15.3162,24.3624,29.7932,23.9493,68.3128,23.5282,65.5303,10.3878,11.4276,10.7667,19.6136"
"E115,""Sindh, Pakistan"",68.691094,27.381476,0,0,1,0,0,0,0,0,0,0,0,0,0,1,0,0,1,0,0,0,0,134.75,467.6875,59.9469,217.1199,0.2124,0.0782,11.9033,1.246,5.5341,0.0006,0.0413,0,0.235,0.0024,26.817,0.029,15.5083,0.2124,41.613,0.3717,726.9892,117.2476,43.5672,0.0965,6.7613,0.292,36.806,0.4667,34.0812,0.2958,24.6298,13.1612,34.8123,0.0392,16.3444,0.0597,103.4769,69.8303,38.525,59.5034,0.4142,0.3564,124.9297,530.6761,75.2894,194.077,5.1072,7.6922,47.8047,83.862,14.3087,21.0878,25.4111,42.1993,1.4503,0.0031,1.4685,0.0015,18.1243,60.3824,19.4924,77.5154,28.5863,146.5366,30.2343,144.9302,53.6095,404.2237,49.2733,416.297,2.3603,9.4092,3.0344,22.7671,0.1434,0.0029,0.1484,0.0036,0.0187,0.0002,0.032,0.0007,7.6385,0.2185,7.6278,0.2723,0.5239,0.1102,0.2298,0.0209,1.793,0.0389,1.617,0.0262,0.0764,0.0006,0.0333,0.0002,0.0428,0.0003,0.0393,0.0005,0.1838,0.0355,1.0942,1.2548,23.2675,15.811,24.6232,31.8861,23.6316,69.1106,23.4183,66.0934,10.0794,10.5215,10.3182,18.468"
"E200,""Khartoum, Sudan"",32.054954,15.442981,0,1,0,0,0,0,0,0,1,1,0,0,0,0,0,0,0,0,0,106.125,842.6875,0,0,424.3542,685.9072,0.2846,0.025,11.7766,1.3041,6.2949,0.0011,0.0379,0,0.3466,0.0003,28.7398,0.0407,15.017,0.0047,56.9906,0.5173,343.6241,241.6835,40.9772,0.0642,14.8545,0.0573,26.1227,0.0701,30.5015,0.1307,24.7644,0.074,32.3111,0.0758,23.4998,0.0745,127.9252,242.1764,59.6565,19.0437,0,0,168.7884,40.534,119.0816,164.3406,0,0,33.2767,287.3157,0,0,9.181,16.4983,1.3688,0.0041,1.3851,0.0078,15.3079,54.8127,16.1508,65.9162,19.9264,70.863,19.8594,69.0544,64.0066,221.6299,62.1539,244.1927,9.343,7.1167,10.1021,9.478,0.1361,0.0035,0.1231,0.0039,0.0024,0,0.0026,0,7.2376,0.1737,7.4488,0.3057,0.6041,0.0241,0.325,0.0082,1.669,0.2295,1.7452,0.0122,0.1297,0.0035,0.0874,0.0021,0.0409,0.0002,0.037,0,0.0068,0,0.0067,0,18.2552,15.1842,19.5984,18.8493,17.9024,27.6902,19.1822,34.1188,7.7474,9.0858,9.0913,14.2913"
"E201,""Khartoum, Sudan"",32.062754,15.417267,0,1,0,0,0,0,0,0,1,1,0,0,0,0,0,0,0,0,0,164.75,467.6875,0,0,424.8826,665.4708,0.2804,0.0237,11.7766,1.3041,6.2944,0.0011,0.0385,0,0.3448,0.0003,28.7396,0.0423,15.0196,0.0052,57.0611,0.5563,341.8912,247.6071,40.9755,0.0678,14.8777,0.0571,26.0978,0.0737,30.4698,0.1347,24.7892,0.075,32.2957,0.0775,23.5265,0.076,129.7501,242.286,60.166,18.8989,0,0,168.3326,40.4206,120.5888,164.322,0,0,32.4681,308.706,0,0,9.3151,16.9946,1.3686,0.0041,1.3852,0.0079,15.4359,60.9217,16.3072,73.6577,19.9922,73.6242,19.9049,71.479,63.7767,236.2775,61.9702,257.0233,9.24,7.7994,10.0401,10.2661,0.1367,0.0038,0.124,0.0044,0.0025,0,0.0027,0,7.2352,0.1749,7.4458,0.3074,0.606,0.0261,0.3254,0.0085,1.6642,0.2307,1.7437,0.0123,0.129,0.0035,0.0866,0.0021,0.0409,0.0002,0.037,0,0.0068,0,0.0066,0,18.4152,19.6644,19.7444,23.2735,18.0228,30.8065,19.2853,37.3783,7.8226,10.8549,9.1557,16.3052"
"E202,""Khartoum, Sudan"",32.414599,15.453582,0,0,1,0,0,0,0,0,0,0,0,0,0,1,0,1,0,0,0,0,0,70.6667,95.5556,412.4583,767.1854,0.2263,0.0272,11.7766,1.3041,6.2774,0.0018,0.0394,0,0.332,0.0003,28.8917,0.0679,15.112,0.0416,56.922,0.8277,345.8426,255.2277,41.2069,0.127,14.8961,0.0654,26.3107,0.0917,30.6515,0.1365,24.9,0.1169,32.5052,0.0989,23.6347,0.1148,139.1843,479.8902,62.7326,43.1024,0,0,164.716,33.9244,127.4505,329.745,0,0,38.8919,360.2593,0,0,10.2375,22.9072,1.4056,0.0022,1.4598,0.0076,29.119,296.2862,31.6967,361.3343,25.7418,71.5504,24.3653,69.2234,43.4264,491.9751,42.0712,477.8045,5.8993,24.2952,5.9959,20.5446,0.233,0.0163,0.2351,0.0214,0.0043,0,0.0057,0.0001,7.3194,0.1014,7.5902,0.1514,0.8545,0.1004,0.4352,0.0197,1.7987,0.1018,1.742,0.0076,0.136,0.0015,0.0814,0.0013,0.0538,0.0002,0.0425,0,0.0109,0.0001,0.0077,0,28.5428,158.8711,30.0925,161.5542,27.5145,117.9954,29.3356,142.0244,14.9468,90.3922,16.7599,106.9028"
"E203,""Khartoum, Sudan"",32.413498,15.4525,0,0,1,0,0,0,0,0,0,0,0,0,0,1,0,1,0,0,0,0,0,70.6667,95.5556,412.4972,768.0068,0.2264,0.0272,11.7766,1.3041,6.2774,0.0018,0.0394,0,0.3319,0.0003,28.8916,0.068,15.112,0.0415,56.9252,0.8302,345.7527,255.7739,41.2065,0.1272,14.8972,0.0652,26.3093,0.092,30.6498,0.1371,24.9011,0.1166,32.5041,0.0993,23.6358,0.1146,139.2362,478.7846,62.7451,42.9749,0,0,164.7083,33.939,127.4949,328.9577,0,0,38.8336,361.2558,0,0,10.2468,22.9363,1.4054,0.0022,1.4595,0.0076,29.082,296.2711,31.6562,361.3222,25.7293,71.8254,24.3557,69.4585,43.4763,492.8158,42.1233,478.7053,5.9026,24.2778,6.0043,20.5857,0.2327,0.0163,0.2347,0.0214,0.0043,0,0.0057,0.0001,7.319,0.1018,7.5895,0.1522,0.8537,0.1004,0.4348,0.0197,1.7978,0.1025,1.7419,0.0076,0.1359,0.0015,0.0813,0.0013,0.0537,0.0002,0.0424,0,0.0109,0.0001,0.0077,0,28.5206,158.8333,30.0684,161.5446,27.4918,118.0477,29.3095,142.0753,14.928,90.3353,16.7385,106.8559"
"E204,""Khartoum, Sudan"",32.436554,15.444747,0,0,1,0,0,0,0,0,0,0,0,0,0,1,0,1,0,0,0,0,0,70.6667,95.5556,410.8785,731.6946,0.2219,0.0272,11.7766,1.3041,6.2761,0.0018,0.0398,0,0.3306,0.0003,28.8994,0.0648,15.1295,0.0481,56.9592,0.8812,345.385,257.922,41.2222,0.1215,14.8985,0.064,26.3236,0.0951,30.6488,0.139,24.9153,0.1101,32.5104,0.0975,23.6513,0.1085,140.9568,504.6542,63.2592,45.8146,0,0,164.3545,32.8735,128.9097,348.9251,0,0,39.1802,377.4676,0,0,10.3433,23.4893,1.409,0.0018,1.4667,0.0069,30.3484,299.2287,33.064,364.3747,26.168,66.2671,24.6801,65.1497,41.7137,473.281,40.3535,457.8864,5.6665,24.6943,5.6787,19.6743,0.2419,0.0165,0.2453,0.0217,0.0044,0,0.0058,0.0001,7.3266,0.0929,7.6031,0.1336,0.8772,0.1009,0.4455,0.0195,1.815,0.0852,1.7426,0.0071,0.137,0.0013,0.0814,0.0012,0.0551,0.0002,0.043,0,0.0113,0.0001,0.0079,0,29.3957,160.8999,30.9772,163.011,28.3198,117.1717,30.2185,141.6682,15.5887,92.6568,17.4597,109.2917"
"E205,""Khartoum, Sudan"",32.428196,15.426329,0,0,1,0,0,0,0,0,0,0,0,0,0,1,0,1,0,0,0,0,0,119.75,242.6875,411.0433,737.6866,0.2216,0.0274,11.7766,1.3041,6.2755,0.0018,0.0402,0,0.3299,0.0002,28.8974,0.0652,15.1333,0.0491,57.0135,0.9337,344.0999,268.3955,41.2184,0.1224,14.9126,0.0614,26.3058,0.1006,30.6243,0.1493,24.9316,0.1048,32.4955,0.1021,23.6682,0.1041,141.973,494.6469,63.5185,44.606,0,0,164.1524,32.3691,129.7644,342.0948,0,0,38.4587,392.4292,0,0,10.4876,23.8369,1.408,0.002,1.4651,0.0073,30.1769,302.0355,32.8777,367.767,26.0521,68.6864,24.5721,67.2066,41.9918,484.3283,40.653,469.9615,5.6551,24.5148,5.727,20.0949,0.2406,0.0166,0.2438,0.0219,0.0044,0,0.0058,0.0001,7.321,0.0965,7.5953,0.1406,0.8737,0.1021,0.4436,0.0198,1.8065,0.0914,1.7409,0.0072,0.1362,0.0014,0.0808,0.0013,0.0548,0.0002,0.0429,0,0.0112,0.0001,0.0078,0,29.3198,161.4341,30.8847,163.9128,28.2124,118.582,30.0916,143.4599,15.5122,93.0287,17.3662,109.9513"
"E206,""Khartoum, Sudan"",32.427216,15.426054,0,0,1,0,0,0,0,0,0,0,0,0,0,1,0,1,0,0,0,0,0,119.75,242.6875,411.1049,739.1288,0.2218,0.0274,11.7766,1.3041,6.2755,0.0018,0.0402,0,0.3299,0.0002,28.8971,0.0653,15.1326,0.0489,57.0134,0.9318,344.0812,268.3221,41.2178,0.1226,14.913,0.0613,26.3048,0.1008,30.6238,0.1493,24.9316,0.1048,32.4949,0.1023,23.668,0.1041,141.9356,492.7462,63.5068,44.4155,0,0,164.1627,32.4114,129.7346,340.7234,0,0,38.4424,392.4588,0,0,10.4875,23.8498,1.4077,0.002,1.4647,0.0073,30.1218,302.2809,32.8169,368.0822,26.026,69.089,24.5502,67.5323,42.0738,486.1161,40.7371,471.8954,5.6613,24.4853,5.7421,20.1662,0.2402,0.0167,0.2433,0.0219,0.0044,0,0.0058,0.0001,7.3201,0.0971,7.594,0.1418,0.8727,0.1023,0.4431,0.0199,1.8051,0.0925,1.7407,0.0073,0.136,0.0014,0.0807,0.0013,0.0547,0.0002,0.0429,0,0.0112,0.0001,0.0078,0,29.285,161.4416,30.8474,163.9791,28.1764,118.7727,30.0515,143.6796,15.4849,93.0108,17.3355,109.9602"
"E208,""Khartoum, Sudan"",32.414176,15.45414,0,1,1,0,0,0,0,0,1,1,0,0,0,1,0,1,0,0,0,119.75,242.6875,149.75,242.6875,412.4698,767.1066,0.2264,0.0272,11.7766,1.3041,6.2774,0.0018,0.0394,0,0.332,0.0003,28.8917,0.0679,15.1116,0.0414,56.9204,0.8264,345.8747,255.0958,41.2067,0.1271,14.8959,0.0654,26.3108,0.0915,30.652,0.1363,24.8994,0.1171,32.5054,0.0989,23.6342,0.115,139.1329,479.781,62.7176,43.0894,0,0,164.7228,33.9472,127.4077,329.6366,0,0,38.8981,359.7699,0,0,10.2317,22.8779,1.4055,0.0022,1.4597,0.0076,29.0982,296.0434,31.6738,361.045,25.7411,71.6268,24.3668,69.2916,43.4489,491.877,42.0944,477.6729,5.903,24.2944,5.9993,20.5513,0.2329,0.0163,0.2349,0.0214,0.0043,0,0.0057,0.0001,7.3196,0.1015,7.5903,0.1516,0.8541,0.1003,0.435,0.0197,1.7986,0.102,1.7421,0.0076,0.136,0.0015,0.0814,0.0013,0.0538,0.0002,0.0425,0,0.0109,0.0001,0.0077,0,28.5282,158.7997,30.0774,161.4806,27.5024,117.9296,29.3216,141.9257,14.9351,90.3082,16.7471,106.8063"
"E209,""Khartoum, Sudan"",29.762838,12.393704,0,1,0,0,0,0,0,0,1,1,0,0,0,0,0,0,0,0,0,92.75,467.6875,0,0,618.9662,2066.7261,0.3769,0.0745,11.7766,1.3041,6.1787,0.003,0.1707,0.0003,0.217,0.0001,26.4872,0.0825,14.3275,0.0353,60.1833,0.9029,234.3754,314.4197,37.8624,0.0582,14.2394,0.1416,23.623,0.2036,26.425,0.2041,23.8032,0.1715,29.5302,0.1593,23.1621,0.0688,493.2508,2317.7538,145.382,57.8022,0,0,124.9357,19.3425,369.8146,658.391,0,0,93.5526,254.4813,0,0,12.8947,31.4784,1.5135,0.0103,1.6208,0.0184,35.0068,163.626,40.6314,167.0285,29.9775,53.1166,27.406,54.4187,33.5268,332.2623,28.5193,285.9686,3.2522,11.8421,3.9477,31.8748,0.2659,0.0106,0.2746,0.0109,0.0021,0,0.0026,0,7.2177,0.1284,7.3738,0.1849,1.0665,0.1336,0.3796,0.0178,1.6115,0.0605,1.5707,0.0258,0.0946,0.0002,0.0351,0.0001,0.0532,0.0003,0.0408,0.0001,0.0113,0.0001,0.0077,0,35.2561,21.7671,36.8169,27.1911,33.8707,25.196,34.9461,20.6715,19.3036,17.7589,23.2507,24.6445"
"E210,""Khartoum, Sudan"",29.758579,12.386102,0,1,0,0,0,0,0,0,1,1,0,0,0,0,0,0,0,0,0,92.75,467.6875,0,0,620.067,2139.9591,0.3826,0.0869,11.7766,1.3041,6.1779,0.003,0.1713,0.0003,0.2167,0.0001,26.4788,0.0844,14.3293,0.0353,60.2172,0.8929,233.7964,313.3711,37.8552,0.0599,14.2425,0.1393,23.6128,0.2022,26.4097,0.2084,23.7977,0.1681,29.5172,0.1626,23.1653,0.0678,494.8115,2339.5921,145.6299,58.4318,0,0,124.789,19.2468,370.6289,663.6542,0,0,94.1043,256.0294,0,0,12.9677,31.642,1.512,0.0108,1.6196,0.0189,35.0359,164.4279,40.5941,169.4315,30.0665,52.723,27.5313,55.0204,33.4092,329.682,28.4452,283.7179,3.3165,12.5765,4.0623,33.9236,0.2664,0.0106,0.2748,0.0109,0.0021,0,0.0026,0,7.2196,0.1276,7.3749,0.184,1.0729,0.1394,0.3775,0.0187,1.6132,0.0599,1.5719,0.0256,0.0949,0.0002,0.0349,0.0001,0.0534,0.0003,0.0409,0.0001,0.0113,0.0001,0.0077,0,35.316,21.6374,36.869,26.9531,33.8808,25.1337,34.9407,20.7029,19.3051,17.8412,23.2163,25.2126"